contender,scenario,seed_band,n_episodes,episode_length,p50,p95,p99,mean_lat,sla_pct,shed_pct,reward,hhi
policy_shipped,homogeneous,30000-30039,40,128,294.80110174346146,446.1860512031768,465.46213457739293,234.6760829388204,58.12500000000001,16.49117537265377,-3.1483383598493333,0.5165927734375
policy_shipped,homogeneous,31000-31039,40,128,331.1160174864078,453.8085804815616,466.81017994654536,280.6491210735438,72.9296875,22.57348249977907,-3.9184478353229992,0.51763134765625
policy_shipped,homogeneous,32000-32039,40,128,302.91390153564686,453.1285696552665,466.7711750760738,245.4423501845112,64.94140625,21.181225394251594,-3.5412623413763784,0.5171860351562498
policy_shipped,homogeneous,33000-33039,40,128,331.45900770375397,457.0242272458304,467.1526200576139,281.2596380873071,72.12890625,21.26796744723738,-3.844172809366351,0.51761669921875
policy_shipped,homogeneous,34000-34039,40,128,329.5698768917687,455.5865057272363,467.1208935060875,268.1183544279291,69.296875,21.479112831035955,-3.7446530121001587,0.5173237304687499
candidate_v2,homogeneous,30000-30039,40,128,23.050862188781068,402.4743884968954,557.9169572889184,65.59051486656344,11.171875,3.8943459136607697,-0.8322339784051408,0.22600624980421374
candidate_v2,homogeneous,31000-31039,40,128,24.799354431963792,405.7037974274384,555.2778930831844,75.87579757446221,13.92578125,4.278563969746788,-0.958801640130569,0.22866049502566216
candidate_v2,homogeneous,32000-32039,40,128,23.723511536119943,462.8229758083321,660.0,94.50490044687159,18.45703125,6.473352035360967,-1.2320589523332859,0.24094300604007576
candidate_v2,homogeneous,33000-33039,40,128,24.116329849280298,405.2499271528761,551.1806691996429,75.9238240390849,14.140625000000002,4.378786183691482,-0.9656290056202529,0.22912069030013393
candidate_v2,homogeneous,34000-34039,40,128,24.426570028344607,410.7441356361518,576.406259195389,74.82345621863594,13.496093749999998,4.266690623990667,-0.9428890801713546,0.22838821869007617
candidate_a2c,homogeneous,30000-30039,40,128,23.032640189019418,660.0,660.0,89.75738933941007,12.16796875,4.835534066622343,-1.0162546738351845,0.22874392229680449
candidate_a2c,homogeneous,31000-31039,40,128,24.764169038072055,660.0,660.0,140.32271261611754,23.18359375,7.496658724010179,-1.5876039299943674,0.2484679993238686
candidate_a2c,homogeneous,32000-32039,40,128,23.706915308184307,660.0,660.0,145.06500169603146,23.02734375,8.761888656473872,-1.6721158228767063,0.25187171265407227
candidate_a2c,homogeneous,33000-33039,40,128,24.097200403794258,621.4395369133528,660.0,119.3244068291189,20.15625,6.620459427160068,-1.3903424878052697,0.24535677547343965
candidate_a2c,homogeneous,34000-34039,40,128,24.403275413450444,660.0,660.0,114.33286564730815,18.37890625,6.070502912146875,-1.3087674817440564,0.23964010806551522
candidate_sac,homogeneous,30000-30039,40,128,24.169181900752335,659.9280170374617,660.0,84.60406200268378,10.546875,4.587691965432661,-0.985863552451373,0.3290662426945807
candidate_sac,homogeneous,31000-31039,40,128,25.507729528898658,660.0,660.0,104.5568126746945,14.21875,5.31348182839285,-1.1771876236374896,0.2888303663225714
candidate_sac,homogeneous,32000-32039,40,128,24.82495129184683,660.0,660.0,131.70929838968883,18.22265625,8.017799654964222,-1.5207282128089574,0.33447273235806446
candidate_sac,homogeneous,33000-33039,40,128,25.076516910239107,660.0,660.0,99.47436609897287,12.675781250000002,5.125269423913503,-1.118869758439034,0.2931759393240624
candidate_sac,homogeneous,34000-34039,40,128,25.3095274139692,659.8969196797121,660.0,91.05075550180143,11.50390625,4.6817273594266595,-1.0359822329401545,0.2921236789750699
candidate_dqn,homogeneous,30000-30039,40,128,22.846938667669384,660.0,660.0,62.59295710511053,6.0546875,2.088422765269255,-0.6392970274892916,0.218095703125
candidate_dqn,homogeneous,31000-31039,40,128,24.51258122025767,107.89701464867778,660.0,54.458180106561656,3.80859375,1.3295783643478327,-0.5384015971416041,0.21162109375
candidate_dqn,homogeneous,32000-32039,40,128,23.451842407502806,660.0,660.0,78.03307279173634,7.656250000000001,3.2198331740320074,-0.8141527905771231,0.226376953125
candidate_dqn,homogeneous,33000-33039,40,128,23.85196252855221,114.0250788803388,660.0,56.006962865569605,4.1015625,1.9284004179257785,-0.5812534923880609,0.21593749999999998
candidate_dqn,homogeneous,34000-34039,40,128,24.152758467030697,336.2146733243316,660.0,61.77246582971217,5.21484375,2.0807237088320987,-0.6326060463519462,0.217587890625
round_robin,homogeneous,30000-30039,40,128,25.79947425654138,499.4820144231795,521.4473127669372,112.3771025219553,20.15625,5.697714334544635,-1.3306148264803235,0.2678255208333334
round_robin,homogeneous,31000-31039,40,128,30.747628761028004,513.9647734700379,521.8010826901165,180.04981779118685,35.9375,9.162770581431952,-2.102044787168535,0.28605685763888894
round_robin,homogeneous,32000-32039,40,128,27.461623723022647,513.3651115614383,525.6569097928954,187.62120463960014,38.26171875,10.500438334310669,-2.229147880218933,0.2884895833333333
round_robin,homogeneous,33000-33039,40,128,28.620465038034638,515.0069139229144,525.6395000952791,172.54722174695542,33.06640625,8.850630240804762,-2.0027837599895744,0.2837782118055555
round_robin,homogeneous,34000-34039,40,128,29.556726529688014,516.2006303888726,523.9200825579488,174.31459828664214,35.2734375,8.706230638549217,-2.038275133494258,0.2845138888888889
least_connections,homogeneous,30000-30039,40,128,25.79947425654138,499.4820144231796,521.4473127669372,112.3771025219553,20.15625,5.697714334544635,-1.3306148264803235,0.2678255208333334
least_connections,homogeneous,31000-31039,40,128,30.747628761027997,513.9647734700379,521.8010826901166,180.04981779118685,35.9375,9.16277058143195,-2.102044787168535,0.28605685763888894
least_connections,homogeneous,32000-32039,40,128,27.461623723022655,513.3651115614383,525.6569097928954,187.62120463960014,38.26171875,10.500438334310669,-2.229147880218933,0.2884895833333333
least_connections,homogeneous,33000-33039,40,128,28.620465038034645,515.0069139229144,525.6395000952791,172.5472217469554,33.06640625,8.850630240804762,-2.0027837599895744,0.2837782118055555
least_connections,homogeneous,34000-34039,40,128,29.556726529688007,516.2006303888726,523.9200825579488,174.31459828664214,35.2734375,8.706230638549217,-2.038275133494258,0.2845138888888889
random_shadow,homogeneous,30000-30039,40,128,25.806150042082713,615.7263819390021,660.0,133.3139844630825,23.671875,6.818359529383406,-1.5534249906553605,0.29459318489818875
random_shadow,homogeneous,31000-31039,40,128,34.32254458089557,653.8546731248889,660.0,202.10100050503522,39.16015625,10.48737332911273,-2.3334309775368567,0.31326634775514267
random_shadow,homogeneous,32000-32039,40,128,29.295127492055926,660.0,660.0,209.7399158358789,39.70703125,12.24044506232379,-2.4608518070138268,0.32025776235557685
random_shadow,homogeneous,33000-33039,40,128,30.907015176435483,654.3586027549608,660.0,192.85360407368722,36.85546875,10.261824897348319,-2.2376653590648736,0.31280408598437515
random_shadow,homogeneous,34000-34039,40,128,32.13562090527174,659.9999999999999,660.0,192.3631326972624,37.05078125,9.8363213578161,-2.2199029911425914,0.31070438052181465
join_shortest_queue,homogeneous,30000-30039,40,128,22.957913235487084,660.0,660.0,74.62882614752918,7.83203125,3.352992416746293,-0.8057820337962938,0.23223861882864277
join_shortest_queue,homogeneous,31000-31039,40,128,24.928367962582712,660.0,660.0,71.53812617327989,6.992187499999999,2.5282318520943825,-0.7472752998761518,0.22119860170138952
join_shortest_queue,homogeneous,32000-32039,40,128,24.300106076935435,660.0,660.0,100.565726859536,11.97265625,4.813404505981974,-1.0915677950863256,0.2373850982062288
join_shortest_queue,homogeneous,33000-33039,40,128,24.59253069274537,337.65170271626596,660.0,63.88316940917135,5.4296875,2.3001437743959583,-0.6758387269692678,0.21666136270137687
join_shortest_queue,homogeneous,34000-34039,40,128,24.795209660971473,660.0,660.0,66.68252423009285,6.3671875,2.3605565981104677,-0.7020776635657142,0.22195008665691235
power_of_two_choices,homogeneous,30000-30039,40,128,23.16865641022968,660.0,660.0,78.6002449377467,8.88671875,3.4301765256266976,-0.8499851291750181,0.23073573274087247
power_of_two_choices,homogeneous,31000-31039,40,128,25.109765564245393,660.0,660.0,79.60962284063548,8.57421875,3.140784107931252,-0.8529855176924503,0.22891394022076667
power_of_two_choices,homogeneous,32000-32039,40,128,24.444867444475086,660.0,660.0,109.2092717862677,13.8671875,5.516433297335223,-1.2027462980836234,0.23653710342629447
power_of_two_choices,homogeneous,33000-33039,40,128,25.162653975441685,660.0,660.0,75.46014269982152,8.046875,3.04071338564209,-0.8210574304628917,0.22657207210338912
power_of_two_choices,homogeneous,34000-34039,40,128,25.450034287238633,660.0,660.0,81.15119486094629,8.671875,3.6056225422390495,-0.8824514637461005,0.2326781689092691
least_response_time,homogeneous,30000-30039,40,128,22.846938667669384,200.86169230220253,660.0,53.819689571141524,5.01953125,0.08953998608967922,-0.4681246710880453,0.2
least_response_time,homogeneous,31000-31039,40,128,24.511454745806926,104.04847675579578,660.0,47.83485266045635,2.94921875,0.04107396477281785,-0.42081509319206345,0.2
least_response_time,homogeneous,32000-32039,40,128,23.451842407502806,660.0,660.0,75.16479290432794,7.460937500000001,0.2823575793647992,-0.6378538257506995,0.2
least_response_time,homogeneous,33000-33039,40,128,23.846999419087176,113.14701378679159,660.0,53.98152167561621,3.9257812500000004,0.16035188617493049,-0.47287900687586804,0.2
least_response_time,homogeneous,34000-34039,40,128,24.150038514521313,161.82244807501738,660.0,57.18673453810688,4.7265625,0.10509645248970036,-0.49415533166028675,0.2
weighted_least_connections,homogeneous,30000-30039,40,128,22.846938667669384,200.86169230220253,660.0,53.819689571141524,5.01953125,0.08953998608967922,-0.4681246710880453,0.2
weighted_least_connections,homogeneous,31000-31039,40,128,24.511454745806926,104.04847675579578,660.0,47.83485266045635,2.94921875,0.04107396477281785,-0.42081509319206345,0.2
weighted_least_connections,homogeneous,32000-32039,40,128,23.451842407502806,660.0,660.0,75.16479290432794,7.460937500000001,0.2823575793647992,-0.6378538257506995,0.2
weighted_least_connections,homogeneous,33000-33039,40,128,23.846999419087176,113.14701378679159,660.0,53.98152167561621,3.9257812500000004,0.16035188617493049,-0.47287900687586804,0.2
weighted_least_connections,homogeneous,34000-34039,40,128,24.150038514521313,161.82244807501738,660.0,57.18673453810688,4.7265625,0.10509645248970036,-0.49415533166028675,0.2
candidate_mono_seed0,homogeneous,30000-30039,40,128,22.846938667669384,660.0,660.0,62.99960733019573,6.11328125,2.2152639335637145,-0.6496777513908942,0.21914099468220286
candidate_mono_seed0,homogeneous,31000-31039,40,128,24.51488966697734,107.89701464867778,660.0,54.45845502292042,3.80859375,1.3295783643478327,-0.5384055544496229,0.21162523167769579
candidate_mono_seed0,homogeneous,32000-32039,40,128,23.457727616185565,660.0,660.0,78.03361189831051,7.656250000000001,3.2198331740320074,-0.8141604976369756,0.2263848988289427
candidate_mono_seed0,homogeneous,33000-33039,40,128,23.85415355358566,114.0250788803388,660.0,56.007482042902595,4.1015625,1.9284004179257785,-0.5812608926674484,0.21594483313076482
candidate_mono_seed0,homogeneous,34000-34039,40,128,24.165807527090877,336.2146733243316,660.0,61.77331515967035,5.21484375,2.0807237088320987,-0.6326176022279165,0.21759837400133564
candidate_mono_seed1,homogeneous,30000-30039,40,128,22.846938667669384,660.0,660.0,63.01034230672583,6.15234375,2.225782645818328,-0.650271406391459,0.21919373325152805
candidate_mono_seed1,homogeneous,31000-31039,40,128,24.51258122025767,107.89701464867778,660.0,54.4583356797575,3.80859375,1.3295783643478327,-0.5384039363845278,0.2116233878668135
candidate_mono_seed1,homogeneous,32000-32039,40,128,23.455739915389024,660.0,660.0,78.03338731317929,7.656250000000001,3.2198331740320074,-0.8141574534224937,0.2263814536827972
candidate_mono_seed1,homogeneous,33000-33039,40,128,23.85415355358566,114.0250788803388,660.0,56.007280246321386,4.1015625,1.9284004179257785,-0.58125815457437,0.21594184057686078
candidate_mono_seed1,homogeneous,34000-34039,40,128,24.164008057229495,336.2146733243316,660.0,61.77300386347686,5.21484375,2.0807237088320987,-0.6326135830521689,0.21759428146569643
candidate_mono_seed2,homogeneous,30000-30039,40,128,22.846938667669384,556.8239909753307,660.0,62.34274176016108,6.07421875,2.098471548175993,-0.6391046662091526,0.21816370792621598
candidate_mono_seed2,homogeneous,31000-31039,40,128,24.51488966697734,107.89701464867778,660.0,54.45896635767315,3.80859375,1.3295783643478327,-0.5384125722301834,0.21163326666468932
candidate_mono_seed2,homogeneous,32000-32039,40,128,23.473593469324104,660.0,660.0,78.03462016514769,7.656250000000001,3.2198331740320074,-0.8141744775691521,0.22640105683548573
candidate_mono_seed2,homogeneous,33000-33039,40,128,23.86339234247965,114.0250788803388,660.0,56.00854902240635,4.1015625,1.9284004179257785,-0.5812753781552835,0.2159608690416399
candidate_mono_seed2,homogeneous,34000-34039,40,128,24.167500282213183,336.2146733243316,660.0,61.775032101357475,5.21484375,2.0807237088320987,-0.632640139719393,0.217622123385219
candidate_mono_seed3,homogeneous,30000-30039,40,128,22.846938667669384,660.0,660.0,63.15535512029588,6.171875,2.184484527077153,-0.6491493940212442,0.2190007516903827
candidate_mono_seed3,homogeneous,31000-31039,40,128,24.51488966697734,107.89701464867778,660.0,54.45906571962523,3.80859375,1.3295783643478327,-0.5384139415371619,0.21163484468384947
candidate_mono_seed3,homogeneous,32000-32039,40,128,23.473593469324104,660.0,660.0,78.0348178889216,7.656250000000001,3.2198331740320074,-0.81417723875846,0.22640425442942394
candidate_mono_seed3,homogeneous,33000-33039,40,128,23.863864736862016,114.0250788803388,660.0,56.0087662120348,4.1015625,1.9284004179257785,-0.5812783209601579,0.21596412248662916
candidate_mono_seed3,homogeneous,34000-34039,40,128,24.167500282213183,336.2146733243316,660.0,61.77538136048961,5.21484375,2.0807237088320987,-0.6326447480661076,0.2176270621086271
candidate_mono_seed4,homogeneous,30000-30039,40,128,22.846938667669384,660.0,660.0,63.00887876041027,6.15234375,2.211985926648435,-0.6495665593325632,0.2191480052542191
candidate_mono_seed4,homogeneous,31000-31039,40,128,24.51488966697734,107.89701464867778,660.0,54.45870666903168,3.80859375,1.3295783643478327,-0.5384090240162356,0.21162914332023214
candidate_mono_seed4,homogeneous,32000-32039,40,128,23.460930963346918,660.0,660.0,78.03411536426324,7.656250000000001,3.2198331740320074,-0.8141674846594429,0.2263928800925322
candidate_mono_seed4,homogeneous,33000-33039,40,128,23.86305861633292,114.0250788803388,660.0,56.00802879579535,4.1015625,1.9284004179257785,-0.5812683487624122,0.21595301891082724
candidate_mono_seed4,homogeneous,34000-34039,40,128,24.167500282213183,336.2146733243316,660.0,61.77422212661973,5.21484375,2.0807237088320987,-0.6326295053032129,0.2176107295234589
candidate_maxxer_seed0,homogeneous,30000-30039,40,128,23.170763801322714,660.0,660.0,83.64670989203069,11.5625,4.711504914321798,-0.9739067288600189,0.2399273356663863
candidate_maxxer_seed0,homogeneous,31000-31039,40,128,25.08327474880086,565.8566911944902,660.0,99.92685267871471,17.55859375,5.975695667344971,-1.223976475723511,0.2479907270169172
candidate_maxxer_seed0,homogeneous,32000-32039,40,128,23.89084965445999,660.0,660.0,116.89860314942152,19.453125,7.857013336148058,-1.4327664416514225,0.2581571862932246
candidate_maxxer_seed0,homogeneous,33000-33039,40,128,24.327137444868843,561.4915536881621,660.0,92.28145973688375,15.351562499999998,5.506230202389177,-1.1249283167199073,0.2424637192839813
candidate_maxxer_seed0,homogeneous,34000-34039,40,128,24.680493772818167,552.6726568141423,660.0,87.14599888672771,13.80859375,5.119232944857144,-1.0546421669256376,0.23868621103385043
candidate_maxxer_seed1,homogeneous,30000-30039,40,128,23.009278266065586,259.8230177385767,400.70253982358025,54.15369704036677,11.73828125,3.8529207930287455,-0.7801578501982653,0.22538957927763953
candidate_maxxer_seed1,homogeneous,31000-31039,40,128,24.711106299275766,325.8897308535226,451.04923470183,82.62870992547131,20.87890625,5.7001363156371765,-1.1700927675721235,0.23832750114475504
candidate_maxxer_seed1,homogeneous,32000-32039,40,128,23.648512759545063,290.67086841348583,410.93608314625925,75.37696809950496,19.51171875,6.497701317414458,-1.1508577978875092,0.2401085613261099
candidate_maxxer_seed1,homogeneous,33000-33039,40,128,24.037631526146804,290.6048745247408,410.64392015704004,71.00572036968,17.40234375,5.001188804876285,-1.0196684345091396,0.2327390658740942
candidate_maxxer_seed1,homogeneous,34000-34039,40,128,24.359123438391872,282.5048502387823,404.3730633735684,65.24777401955113,15.156249999999998,4.4883596762826645,-0.9296227536782039,0.22947563567286297
candidate_maxxer_seed2,homogeneous,30000-30039,40,128,23.634618751757557,452.730673828705,660.0,73.74221719561042,11.71875,4.213139728150076,-0.9034819218803921,0.23649998767066416
candidate_maxxer_seed2,homogeneous,31000-31039,40,128,25.434778116402576,479.06468726664315,660.0,95.74064491556031,19.3359375,5.329784947348705,-1.1985991534298701,0.24160375276934562
candidate_maxxer_seed2,homogeneous,32000-32039,40,128,24.374293961748048,660.0,660.0,109.56782451793386,20.4296875,7.185904178327253,-1.3773894505897495,0.24943168520891618
candidate_maxxer_seed2,homogeneous,33000-33039,40,128,24.733043764696795,417.2381674941662,660.0,87.77232079099261,17.67578125,5.01697224429706,-1.1155380750333146,0.23977121860751036
candidate_maxxer_seed2,homogeneous,34000-34039,40,128,25.10683456810775,444.0593515341152,660.0,85.33808676747738,15.800781250000002,4.777670791764297,-1.062695578508536,0.23818337012533228
candidate_maxxer_seed3,homogeneous,30000-30039,40,128,23.312593227489135,484.80748471286887,660.0,71.5992285046123,10.9765625,3.996543450950961,-0.8664489291062722,0.2290520885532792
candidate_maxxer_seed3,homogeneous,31000-31039,40,128,25.251150525812506,497.501387387694,660.0,87.89341773683527,14.765624999999998,4.736744937989081,-1.0562601807897127,0.23402735105546196
candidate_maxxer_seed3,homogeneous,32000-32039,40,128,24.049347927370555,594.8652215145037,660.0,110.57268885556705,19.0625,7.105074464602716,-1.354528348060278,0.24574588187581403
candidate_maxxer_seed3,homogeneous,33000-33039,40,128,24.481310735670284,496.5900025773089,660.0,86.99747977230795,14.238281250000002,4.759260426056547,-1.0440427807531871,0.23413113858923412
candidate_maxxer_seed3,homogeneous,34000-34039,40,128,24.858289112680417,493.75875350654405,660.0,77.71638776204554,11.0546875,4.031432556836644,-0.9099671526129864,0.22882310409884457
candidate_maxxer_seed4,homogeneous,30000-30039,40,128,23.605121158586563,390.911490866321,563.4803573874628,65.96976131017323,11.7578125,4.016595230682881,-0.8563759373556443,0.2409563103034793
candidate_maxxer_seed4,homogeneous,31000-31039,40,128,25.403931971677984,421.501692945792,564.334402899812,88.54432866086722,18.359375,5.281946023476943,-1.1457377522207974,0.24643436622887926
candidate_maxxer_seed4,homogeneous,32000-32039,40,128,24.34342015971754,459.1014420168753,592.8308300664393,96.2650482872996,19.765625,6.945560663388406,-1.2896541144320615,0.25756466895451247
candidate_maxxer_seed4,homogeneous,33000-33039,40,128,24.709854847108826,427.0795768526842,567.2165518764839,88.01492725547172,18.0859375,5.359163596334958,-1.1416548078843276,0.24810715655143967
candidate_maxxer_seed4,homogeneous,34000-34039,40,128,25.069873666055557,407.39451738012747,557.238526304848,79.60582035318727,15.703125000000002,4.736823255208102,-1.0306169679395158,0.2427204356867035
policy_shipped,heterogeneous,30000-30039,40,128,313.13221926775543,718.6412892096483,932.4490375999192,303.8085476257557,55.13671875,17.863260027653908,-3.9623171263482404,0.5162734375
policy_shipped,heterogeneous,31000-31039,40,128,368.57587414982044,711.6443003149406,827.0543734564259,337.19257283139285,67.5390625,23.7058597670146,-4.656272117934694,0.51734423828125
policy_shipped,heterogeneous,32000-32039,40,128,344.7002482175075,750.2552555808195,892.0872909735367,310.5448544968801,56.97265625,20.981237908470316,-4.291720759767247,0.5168549804687499
policy_shipped,heterogeneous,33000-33039,40,128,427.81783054744767,754.1275092341187,902.7399758405461,383.35330886534837,69.66796875,24.139396404290377,-5.1301805627110255,0.51790673828125
policy_shipped,heterogeneous,34000-34039,40,128,295.83399522727314,745.4620921757377,860.1721059934729,305.256951794648,54.37499999999999,19.145428169778704,-4.1143821103315,0.5168022460937499
candidate_v2,heterogeneous,30000-30039,40,128,31.256524818525783,535.6923501930678,823.6064132552754,105.76445351411476,16.58203125,4.237073613953614,-1.309766950435228,0.25428245417671813
candidate_v2,heterogeneous,31000-31039,40,128,30.88531936246735,583.7192708951912,762.6530299377051,117.0609607506311,18.76953125,6.468771678484313,-1.5472184884716693,0.2742398188205489
candidate_v2,heterogeneous,32000-32039,40,128,30.730427306600397,693.6857653816215,1050.890335232023,144.0659324583716,20.78125,7.406896684261724,-1.8131383293430219,0.28410161037510606
candidate_v2,heterogeneous,33000-33039,40,128,29.185368238566397,653.8554715261876,959.3563688414042,122.24767425044422,16.875,6.453646099429604,-1.544391103645365,0.2758070084455676
candidate_v2,heterogeneous,34000-34039,40,128,30.080766794043946,667.5621411620623,1072.2117327319772,129.93916279731616,19.140625,6.624827958412384,-1.6520650979072198,0.2766861074830862
candidate_a2c,heterogeneous,30000-30039,40,128,31.2123010363948,709.2299629417381,905.0877641026601,131.56959812911487,18.92578125,5.46042883073949,-1.5803578761571322,0.26081345889594826
candidate_a2c,heterogeneous,31000-31039,40,128,32.01017055113169,666.8708156365469,942.1748232511254,153.38032687602131,23.4765625,7.863908834268443,-1.948833247748091,0.2818386722061816
candidate_a2c,heterogeneous,32000-32039,40,128,31.985607615404888,808.9363345928916,979.9760764340402,175.4045678063332,23.75,8.620173065430748,-2.142967181605139,0.28166152523766524
candidate_a2c,heterogeneous,33000-33039,40,128,31.583461256604707,844.1724673309698,1107.2833566101212,200.42116402216342,26.25,9.010620797944577,-2.3404865812622853,0.2862523147769281
candidate_a2c,heterogeneous,34000-34039,40,128,30.94177329230555,827.414356740023,1167.2837058555745,159.7149462949939,20.29296875,7.465908157113667,-1.8920654679727718,0.27144345812169857
candidate_sac,heterogeneous,30000-30039,40,128,28.733689045491786,606.7283645295504,843.3321564895574,119.06483183721863,17.98828125,7.091477472214,-1.5354230203839603,0.5800297705249842
candidate_sac,heterogeneous,31000-31039,40,128,31.610749662362892,677.4467994341244,806.4358488706878,159.64839467671362,26.07421875,11.365081909272128,-2.0691439140228645,0.5337657424156839
candidate_sac,heterogeneous,32000-32039,40,128,30.7153302220771,775.9964577297304,1121.7587484240057,179.06650149803608,26.035156250000004,11.21631227150179,-2.2348771446299684,0.5970829362332524
candidate_sac,heterogeneous,33000-33039,40,128,29.886674461817794,711.2435102490666,945.3659883891413,161.49523575734756,24.31640625,10.622653953885486,-2.0408101101820426,0.5289486229703313
candidate_sac,heterogeneous,34000-34039,40,128,29.0402322286255,593.8654810181375,865.2806583238317,137.0323541104695,22.01171875,9.878175325050911,-1.8142521832260474,0.5865384074476379
candidate_dqn,heterogeneous,30000-30039,40,128,32.95223072101693,767.6209465277403,1133.407833365027,153.70748287943593,19.0625,4.818393542389883,-1.6822209759428248,0.24247992150809558
candidate_dqn,heterogeneous,31000-31039,40,128,33.11495275393091,926.4879026465533,1267.8741524764223,200.96960492639508,26.09375,8.404247162496173,-2.2651890503075007,0.27772785429286656
candidate_dqn,heterogeneous,32000-32039,40,128,32.74011022481506,900.4967468435694,1227.2130816760757,185.8987912167177,24.375,7.435742462455449,-2.1324925151525624,0.2612308107809091
candidate_dqn,heterogeneous,33000-33039,40,128,32.11463968222937,1095.4716290863682,1322.802747358259,195.89130026513936,22.265625,7.731640152055087,-2.16666738224067,0.26657402124042673
candidate_dqn,heterogeneous,34000-34039,40,128,33.592280227683275,857.5383064096172,1278.724900504856,179.80735471673628,22.98828125,7.464336591850166,-2.0495138419478294,0.25990288216571267
round_robin,heterogeneous,30000-30039,40,128,39.092441200261575,757.2468875104219,912.035537471612,208.78157651506618,33.8671875,6.238197772157159,-2.479501907893892,0.2769357638888889
round_robin,heterogeneous,31000-31039,40,128,88.00044259886242,777.8471465841762,986.9356317989281,268.9862666473298,46.62109375,9.957337131003756,-3.3273721121121427,0.2938259548611112
round_robin,heterogeneous,32000-32039,40,128,50.842244464679524,900.4967468435694,1128.128342940255,266.44109123733085,41.26953125,9.601660071052972,-3.1855615338039978,0.2919184027777778
round_robin,heterogeneous,33000-33039,40,128,67.04576132710703,888.0784550183504,1070.5609435481658,293.83244070399445,44.35546875,10.113173275271139,-3.4742776429631634,0.29477430555555556
round_robin,heterogeneous,34000-34039,40,128,41.4193705205639,795.7502292723541,1028.8350120302932,233.55010055684525,35.6640625,8.428637130020315,-2.8471934829405634,0.2876627604166667
least_connections,heterogeneous,30000-30039,40,128,39.77852860239138,726.2102393987299,872.3260563321652,193.81065556827463,33.59375,7.378372673304441,-2.461340295413046,0.27240234375
least_connections,heterogeneous,31000-31039,40,128,106.19971201178505,816.8804336455312,948.6855293800544,273.98451461454016,48.046875,12.159176829241929,-3.4989774220715737,0.29062282986111115
least_connections,heterogeneous,32000-32039,40,128,53.882090630681574,870.4668452230104,942.7358600424292,257.8465212976529,42.79296875,10.868355258254818,-3.248154040534132,0.2862131076388889
least_connections,heterogeneous,33000-33039,40,128,94.37853958935621,879.804928194211,1046.3510344282215,295.5615832512185,47.51953125,12.025250777965665,-3.6761230520233297,0.28880859375000006
least_connections,heterogeneous,34000-34039,40,128,45.97700974959788,811.7533014352038,1025.7976670820242,235.0042104225916,39.47265625,10.001621192898853,-3.010727703591543,0.2813194444444445
random_shadow,heterogeneous,30000-30039,40,128,40.698981811653795,809.6759121904868,1067.5275745868805,223.6828215434294,34.84375,8.063654959534903,-2.6664972657230925,0.3023611871668349
random_shadow,heterogeneous,31000-31039,40,128,107.97021389423216,831.6703046824301,1059.4845108301424,285.02938439722686,48.26171875,12.160626490034485,-3.555388996332286,0.31934307356072356
random_shadow,heterogeneous,32000-32039,40,128,56.20995518056434,908.5718021476016,1177.3824405226392,275.3258948628424,42.8125,11.259559083009867,-3.338874674685502,0.31623787771239853
random_shadow,heterogeneous,33000-33039,40,128,79.29960257671712,939.8235019085722,1167.2946563600706,301.5178902480301,46.38671875,12.121645660034234,-3.662460139728199,0.319845951611833
random_shadow,heterogeneous,34000-34039,40,128,42.156427589111686,811.8185506390314,1054.1868019816352,232.02516570686174,36.93359375,9.588608467488125,-2.8819456276457993,0.30848202410218273
join_shortest_queue,heterogeneous,30000-30039,40,128,37.08559100709063,1015.8151822017302,1196.6686068983543,206.9761059320086,24.8046875,7.799370966411109,-2.3470066145093877,0.25581248797109496
join_shortest_queue,heterogeneous,31000-31039,40,128,50.77420474991031,1140.3950356088676,1267.8741524764228,294.27263726861634,38.6328125,12.433065436232493,-3.3465659004990274,0.28636949229834513
join_shortest_queue,heterogeneous,32000-32039,40,128,41.76703323460258,1224.7183726854296,1360.843343107746,288.31290935560594,34.58984375,11.539722022230878,-3.2307234449634707,0.2817092263270803
join_shortest_queue,heterogeneous,33000-33039,40,128,51.89548895329883,1218.6765476500382,1394.0443359420167,291.60135147403207,35.25390625,11.667344911992606,-3.2862895569406008,0.28675125271192253
join_shortest_queue,heterogeneous,34000-34039,40,128,40.46091958140045,1041.0141632818832,1433.4713574085008,256.39278250601876,32.40234375,10.451514376286905,-2.902672006123148,0.2760102643189575
power_of_two_choices,heterogeneous,30000-30039,40,128,36.90134007233439,929.9246171537919,1107.4493686370888,213.11745396504458,26.132812500000004,7.966858611733042,-2.4049576334428653,0.2554438684470046
power_of_two_choices,heterogeneous,31000-31039,40,128,49.592014483461476,1055.570164414462,1267.8741524764223,285.801803878879,39.375,12.615111363671247,-3.355698200389793,0.2821406923514245
power_of_two_choices,heterogeneous,32000-32039,40,128,41.117560978294165,1184.5385254325251,1387.1799112214987,290.6783893786445,34.3359375,11.676523916486827,-3.2309132384082027,0.27539936916985336
power_of_two_choices,heterogeneous,33000-33039,40,128,48.00437530929574,1127.7744613625216,1322.802747358259,284.4444399171708,35.8203125,11.617178090335404,-3.251624149682537,0.2789712056561352
power_of_two_choices,heterogeneous,34000-34039,40,128,38.89984700555729,1021.3702935208387,1278.7249005048561,241.50905627806824,31.386718749999996,10.202020611037597,-2.802804949018955,0.26874811641426233
least_response_time,heterogeneous,30000-30039,40,128,30.294522717927823,1012.7250465957011,1269.4204437509632,236.7801687690191,33.37890625,8.876393403923624,-2.486692737305524,0.3532528780987466
least_response_time,heterogeneous,31000-31039,40,128,37.21829831261111,986.9356317989283,1180.6901223978502,283.0599521032497,45.60546875,13.06968068625974,-3.1320982353601337,0.3901766045316034
least_response_time,heterogeneous,32000-32039,40,128,31.225112031604986,1045.4998338641537,1267.3828511801576,287.73252743212987,39.00390625,12.08309442152378,-3.0744757985596336,0.382227275610041
least_response_time,heterogeneous,33000-33039,40,128,32.36109698236213,1163.1376048787677,1290.8571155459913,318.67929162169577,43.28125,12.862531155211615,-3.344471058565867,0.3922873495412467
least_response_time,heterogeneous,34000-34039,40,128,30.3400719940189,1098.5043367431763,1278.724900504856,222.92769832724053,30.9765625,10.182751074919754,-2.4369122924412863,0.34847117623706064
weighted_least_connections,heterogeneous,30000-30039,40,128,36.924320799067004,814.8791721285348,1144.0083601388205,185.94029096013824,22.48046875,12.339378832953965,-2.4232637268683574,0.2958617146178895
weighted_least_connections,heterogeneous,31000-31039,40,128,49.972318196245546,1136.031570198073,1302.7779555064014,315.7002150435933,38.65234375,19.6389753589552,-3.8707770428219455,0.34446909962674593
weighted_least_connections,heterogeneous,32000-32039,40,128,40.379056971305246,1158.4595582264824,1285.2000122014292,291.88446526667315,33.10546875,16.380316688812965,-3.4548380466695825,0.31656638408601606
weighted_least_connections,heterogeneous,33000-33039,40,128,52.55739325568145,1176.0159080310473,1322.802747358259,328.4880024969669,36.484375,18.624950322297014,-3.90516974338088,0.3398144220503241
weighted_least_connections,heterogeneous,34000-34039,40,128,40.26620292527405,1225.7003529226042,1291.7219288024014,283.68697767259874,32.2265625,16.635799757162978,-3.394596260116296,0.3212057206001144
candidate_mono_seed0,heterogeneous,30000-30039,40,128,30.831489183803033,767.6209465277403,1217.9589694529789,107.87428243735243,9.8046875,3.51825831959489,-1.1213915714216114,0.24089490544157596
candidate_mono_seed0,heterogeneous,31000-31039,40,128,31.22032032229039,793.1172105427245,1180.6901223978502,131.62888623140748,13.4765625,5.795309769863123,-1.4609715621733734,0.2535944813202496
candidate_mono_seed0,heterogeneous,32000-32039,40,128,31.266359235368128,1095.3335432176232,1393.357624729647,178.042208671382,16.97265625,7.058313511231791,-1.9008477843090028,0.2610724105954979
candidate_mono_seed0,heterogeneous,33000-33039,40,128,29.77183093518066,1016.4593050087088,1180.086012121159,140.75533900812326,13.41796875,6.067776649155556,-1.5488941043491309,0.26412339498393467
candidate_mono_seed0,heterogeneous,34000-34039,40,128,30.346965619030605,857.5383064096171,1278.724900504856,137.23053581836623,13.6328125,5.904335065147424,-1.514942916029126,0.25244886956610724
candidate_mono_seed1,heterogeneous,30000-30039,40,128,30.83098654892527,643.8293488186637,1217.9589694529789,105.91272055364713,9.6484375,3.21245541691857,-1.09575347505528,0.24058793443421322
candidate_mono_seed1,heterogeneous,31000-31039,40,128,31.286943548480497,805.3868357658757,1180.6901223978502,131.1396433097425,13.398437499999998,5.700647676277683,-1.4541363810530004,0.25357949030687726
candidate_mono_seed1,heterogeneous,32000-32039,40,128,31.26132606908231,1141.9249732080166,1459.750018843581,185.23341383464518,18.06640625,7.33384008497736,-1.9659236790058388,0.2625191514800246
candidate_mono_seed1,heterogeneous,33000-33039,40,128,29.7299131076565,949.4097285020922,1180.086012121159,135.2474387212005,12.890625,5.803354654813191,-1.4906030989243377,0.2621581509360783
candidate_mono_seed1,heterogeneous,34000-34039,40,128,30.281831246336367,857.5383064096173,1278.724900504856,141.5884540340499,14.35546875,5.897844012011368,-1.5615691420979658,0.2534248917343732
candidate_mono_seed2,heterogeneous,30000-30039,40,128,30.831349213969997,757.0442636480491,1217.9589694529789,111.46531396547805,10.83984375,3.2567290149418753,-1.155914116502747,0.24692377588831488
candidate_mono_seed2,heterogeneous,31000-31039,40,128,31.002985814393252,793.1172105427244,1180.6901223978502,121.89997707993166,11.81640625,4.796343382883526,-1.33457842008987,0.257397447980351
candidate_mono_seed2,heterogeneous,32000-32039,40,128,31.257138061423536,1141.9249732080166,1269.1336990332277,159.31493469543506,14.667968749999998,6.161289706636834,-1.6945643617709352,0.2672139569983048
candidate_mono_seed2,heterogeneous,33000-33039,40,128,29.211217175518314,949.4097285020922,1180.086012121159,132.69630719982447,12.578125000000002,5.422393332685544,-1.4423510683919054,0.2690822291376758
candidate_mono_seed2,heterogeneous,34000-34039,40,128,30.040556646361534,857.5383064096171,1278.724900504856,122.3992565477644,11.5234375,4.6043156147621485,-1.325229739168329,0.25369172605999085
candidate_mono_seed3,heterogeneous,30000-30039,40,128,30.831283947981785,476.0669208799764,1049.718347183961,79.79581855123085,6.34765625,1.7480255545214838,-0.832884427845789,0.2324470340635827
candidate_mono_seed3,heterogeneous,31000-31039,40,128,31.170645941952948,793.1172105427245,1180.6901223978502,124.25463528736059,12.12890625,5.202110374551326,-1.3672499677787928,0.25064053035967837
candidate_mono_seed3,heterogeneous,32000-32039,40,128,31.259779014804813,953.0806121175447,1175.9972111862883,144.8999822978786,14.179687499999998,5.796091060871246,-1.5842921028627188,0.2545052992987884
candidate_mono_seed3,heterogeneous,33000-33039,40,128,29.739435440411288,944.5715795286206,1180.086012121159,135.07968400734822,12.519531249999998,5.433676744344348,-1.4635561659795748,0.2570533018102323
candidate_mono_seed3,heterogeneous,34000-34039,40,128,30.30978663147773,826.64497312952,1278.724900504856,138.65163593546197,15.898437500000002,5.561893194199981,-1.533075134764729,0.2533443125632844
candidate_mono_seed4,heterogeneous,30000-30039,40,128,30.83119059159275,613.7900496522664,1217.9589694529789,91.2505444520009,7.089843749999999,2.1464422984291542,-0.9287724189156201,0.23727636375597977
candidate_mono_seed4,heterogeneous,31000-31039,40,128,31.24296447977505,793.1172105427244,1180.6901223978502,126.34557912477275,12.5390625,5.425927385746792,-1.4024824506861326,0.2545136468251357
candidate_mono_seed4,heterogeneous,32000-32039,40,128,31.2594514035602,963.225543820536,1175.9972111862883,136.07254621056137,12.48046875,5.38020970565216,-1.4736785903661116,0.25196000712031275
candidate_mono_seed4,heterogeneous,33000-33039,40,128,29.517207696716703,949.4097285020922,1180.086012121159,133.0990521690901,12.75390625,5.590976940453611,-1.4559415240507634,0.26497629973916065
candidate_mono_seed4,heterogeneous,34000-34039,40,128,30.173020230083203,857.5383064096173,1278.724900504856,138.11293832413443,14.00390625,5.407329908641982,-1.5172364346402392,0.2541399326837447
candidate_maxxer_seed0,heterogeneous,30000-30039,40,128,31.58277922969159,551.3952188406951,823.7584007863181,104.13670258075089,14.74609375,4.305713508878077,-1.252347154430525,0.25297653409406806
candidate_maxxer_seed0,heterogeneous,31000-31039,40,128,31.031775693934144,655.5481458792577,860.3166679607391,140.38593279633454,22.48046875,7.500731684564759,-1.8079981976395594,0.27839117152925874
candidate_maxxer_seed0,heterogeneous,32000-32039,40,128,31.284216650524947,736.276493950836,987.636754627223,164.92216852969855,24.47265625,7.984987888852715,-2.0592653548065365,0.2809039327459205
candidate_maxxer_seed0,heterogeneous,33000-33039,40,128,30.208864832192702,752.5817098838645,1016.4593050087091,145.67992291030436,18.96484375,7.216690519034097,-1.785592987471711,0.28183537512383017
candidate_maxxer_seed0,heterogeneous,34000-34039,40,128,30.414953902386493,649.4448954828855,1160.8814817472426,140.5912783050713,21.40625,7.312801273474609,-1.7778378099294236,0.2742931695851089
candidate_maxxer_seed1,heterogeneous,30000-30039,40,128,31.11630823539285,431.7126190492069,731.9258204169389,87.41239920129442,13.984374999999998,4.014066894368287,-1.1349809794847876,0.2516131243381788
candidate_maxxer_seed1,heterogeneous,31000-31039,40,128,31.139022269888315,476.5571449142642,732.226408866922,110.73180604532149,21.11328125,6.931916532286094,-1.5808135307444438,0.271054996581712
candidate_maxxer_seed1,heterogeneous,32000-32039,40,128,30.98552393203562,642.7346139512206,900.4967468435694,137.4370572515291,22.12890625,7.652402469609395,-1.8058896765784511,0.2811181216998264
candidate_maxxer_seed1,heterogeneous,33000-33039,40,128,29.985629278552526,661.6922806258366,880.6121277995117,148.92311288139834,25.17578125,7.803453917175775,-1.9388863490529453,0.2841877658723802
candidate_maxxer_seed1,heterogeneous,34000-34039,40,128,30.461832784641068,503.33994894204585,1160.8814817472428,114.18803208877098,18.3203125,6.627743670709367,-1.4957656738331384,0.27053114653333377
candidate_maxxer_seed2,heterogeneous,30000-30039,40,128,31.804183580713108,540.2639877989862,815.9305977911002,102.86688011151527,15.2734375,4.075861331029396,-1.2834061431725874,0.2578881601133575
candidate_maxxer_seed2,heterogeneous,31000-31039,40,128,33.10015329848134,625.5330633736654,854.5187943503219,136.72976262855977,22.734375,7.187012674096629,-1.8159766629867906,0.27386751915434765
candidate_maxxer_seed2,heterogeneous,32000-32039,40,128,31.407716310314097,856.8892529363912,1028.704534467472,171.5227014853486,23.828125,7.977285012412369,-2.1187102628120273,0.27913323620941743
candidate_maxxer_seed2,heterogeneous,33000-33039,40,128,31.678521802177126,769.5039789513422,1016.4593050087088,148.19776709749814,20.1953125,6.994216786702406,-1.8257672124884685,0.27730158644261416
candidate_maxxer_seed2,heterogeneous,34000-34039,40,128,31.699501931209625,718.9621872096085,968.9286044761812,136.29276615825498,18.90625,6.605087755607883,-1.7089152580651956,0.2700999723578321
candidate_maxxer_seed3,heterogeneous,30000-30039,40,128,31.35595679783509,553.6612686657501,873.7817308667471,104.81599643222508,14.609375,3.929701547927028,-1.2564238738160942,0.24966169933578
candidate_maxxer_seed3,heterogeneous,31000-31039,40,128,31.85657058632722,678.3255152013702,907.5372521863204,135.87402879952145,19.53125,6.694614531953542,-1.68441510902366,0.27334355764932117
candidate_maxxer_seed3,heterogeneous,32000-32039,40,128,31.639409283652828,802.394922285133,960.7762121222689,144.5958623191907,18.06640625,6.500796829765757,-1.7429498492217115,0.26888603136828293
candidate_maxxer_seed3,heterogeneous,33000-33039,40,128,31.339296023303504,825.4790414546543,1043.7009062237137,143.60714267916816,17.16796875,6.541535872058491,-1.689421028816693,0.2688930946409743
candidate_maxxer_seed3,heterogeneous,34000-34039,40,128,31.396862682566397,704.6752690271061,980.2488787069399,123.63899478675678,16.19140625,6.047060383337481,-1.5336473492620686,0.2611152030739891
candidate_maxxer_seed4,heterogeneous,30000-30039,40,128,32.567782786854025,503.774730734554,770.7653598115571,96.72873374920653,14.667968749999998,3.9478251352330194,-1.207223115979439,0.26688253870246736
candidate_maxxer_seed4,heterogeneous,31000-31039,40,128,31.845677309354087,579.7778417385781,805.4133195197352,126.88779579995825,21.171875,6.9648753209743814,-1.7006065030121018,0.28800819584612614
candidate_maxxer_seed4,heterogeneous,32000-32039,40,128,30.798833714677293,642.3000248306621,960.7271543685816,128.67794970967168,19.0625,6.298100740155603,-1.672148221641092,0.2786264654225721
candidate_maxxer_seed4,heterogeneous,33000-33039,40,128,32.70334584153582,718.7786374484182,908.9498185355951,138.34386769162114,20.44921875,7.0430423782378435,-1.7723785257060698,0.28484595033677657
candidate_maxxer_seed4,heterogeneous,34000-34039,40,128,32.68826403204062,607.4408265350828,889.0750190821234,123.96638129384624,19.19921875,6.504940334013902,-1.6137900602658413,0.2748832507602416
policy_shipped,degrading,30000-30039,40,128,410.11524882716674,1090.9226513556796,1600.0140349126086,428.42393440022335,68.046875,24.9551657755206,-7.592036768959398,0.5187666015624999
policy_shipped,degrading,31000-31039,40,128,380.7317060327971,965.5436782590173,1478.9465577060816,390.77298320333944,58.3984375,20.506103954564086,-6.678549638219193,0.51745263671875
policy_shipped,degrading,32000-32039,40,128,360.0649216628237,985.1641166204932,1607.5806310073358,409.51900004603124,62.6953125,21.088616895134873,-6.8688135005916235,0.5179287109374999
policy_shipped,degrading,33000-33039,40,128,333.4312133994246,1056.5774950633827,3197.29958101247,405.0075621425914,56.484375,18.151113711061456,-6.898678995351692,0.51745556640625
policy_shipped,degrading,34000-34039,40,128,359.42621638620506,1088.39175464452,2463.2306585460224,414.00160310471057,60.76171875000001,22.53422897738026,-7.453599640257906,0.5179726562499999
candidate_v2,degrading,30000-30039,40,128,35.497622522755535,880.2109096513232,1257.655164782641,233.45554551533502,35.234375,11.519223015208372,-3.8278451139068155,0.3098465906645603
candidate_v2,degrading,31000-31039,40,128,31.62241198220466,792.6017189432825,1215.8567060830803,154.8082885254919,19.55078125,7.57785207060124,-2.602252891526786,0.2861695821843118
candidate_v2,degrading,32000-32039,40,128,33.98848849629758,791.6982080473598,1256.3065302251346,166.2413230737289,23.125,7.695948619728927,-2.779736045714958,0.2861147877076199
candidate_v2,degrading,33000-33039,40,128,29.406630501011893,743.8617675129525,1212.5179258689848,150.06819146633205,20.68359375,7.090837618199805,-2.6435057433904183,0.28882836722117206
candidate_v2,degrading,34000-34039,40,128,33.204033415586196,860.7105559930883,1313.8865131116484,203.84637626217818,29.58984375,10.402159281431818,-3.5611928526681838,0.306074521046514
candidate_a2c,degrading,30000-30039,40,128,37.97652833296992,1077.3129884688205,1830.864296577575,304.3524384300095,39.1015625,13.08843890753591,-5.022679327049042,0.3104823259014263
candidate_a2c,degrading,31000-31039,40,128,32.80079695448676,969.6895171491547,1311.9493335896339,204.10537286940342,25.136718749999996,9.004037499084513,-3.4573838588269483,0.29219238141491416
candidate_a2c,degrading,32000-32039,40,128,35.62015184210064,871.219675108086,1249.4656098760813,202.872346476646,24.74609375,8.287973137260865,-3.283140494860214,0.2871165695887944
candidate_a2c,degrading,33000-33039,40,128,31.507409472160393,916.0561472924036,1471.2538962619235,189.13067664471086,22.3046875,8.02403894558979,-3.438705897966275,0.27992613350393913
candidate_a2c,degrading,34000-34039,40,128,34.718951872222966,1025.56702754685,1665.6881507928179,266.35102041423016,33.84765625,12.210424878657804,-4.484158326367228,0.3013852761680783
candidate_sac,degrading,30000-30039,40,128,37.63259917693462,814.1799182815973,1058.9418375931966,253.1849266015582,38.61328125,17.403953701806923,-3.3085714000688413,0.592194448758675
candidate_sac,degrading,31000-31039,40,128,31.253337170167665,743.089224842202,978.317481884284,168.71324632904867,24.27734375,11.663852351232011,-2.3207911979141302,0.5704997058931605
candidate_sac,degrading,32000-32039,40,128,33.77004272279426,746.2340933832755,1041.5436805298216,168.6119800791114,23.18359375,10.868169001126567,-2.3091232765948755,0.565127867115595
candidate_sac,degrading,33000-33039,40,128,28.704225567771466,636.2979276631364,1081.3459944937226,159.33158965160905,23.3984375,11.39427661277389,-2.2652493878743813,0.5933073788436731
candidate_sac,degrading,34000-34039,40,128,34.766021044537894,794.8974299424841,1083.7816566395643,214.86023044185754,33.26171875,15.402778078854382,-2.91342508797891,0.6233009400628273
candidate_dqn,degrading,30000-30039,40,128,37.733294934832664,1077.1364677996355,1195.6339070877154,298.4646014604403,37.890625,13.45601569846718,-3.553289422213962,0.33153941656453795
candidate_dqn,degrading,31000-31039,40,128,34.10994892391241,970.5786273420838,1215.8567060830803,212.48832594806237,25.6640625,9.842661016030652,-2.6295842827087013,0.30481200969930183
candidate_dqn,degrading,32000-32039,40,128,36.32111316495197,934.2422327424068,1190.5956473677156,208.703919364977,26.19140625,8.863605131138721,-2.6713897137757496,0.2911785139496497
candidate_dqn,degrading,33000-33039,40,128,33.03053206694034,906.1263725000983,1349.8003262623092,209.79261678965182,24.921875,8.907614412807586,-2.7005988066597046,0.2944885668212809
candidate_dqn,degrading,34000-34039,40,128,36.2699963347891,1044.330704078042,1320.6501920381834,302.5285011188923,34.39453125,13.206002662632912,-3.7115139590643613,0.33011342460215626
round_robin,degrading,30000-30039,40,128,291.8472226307814,1101.8532183892264,1519.1685022880463,384.2206250557174,51.71875,13.762496102572399,-6.7082519454444425,0.3096223958333334
round_robin,degrading,31000-31039,40,128,50.68980369968472,1030.9026729798834,1856.4458937309576,314.30945556478565,40.3125,10.360626595041209,-5.533938273817649,0.2918120659722222
round_robin,degrading,32000-32039,40,128,73.10559281491572,1053.4766226951267,1962.7448593249503,330.6557982947697,43.53515625,9.553593063818768,-5.867890879139454,0.28947482638888894
round_robin,degrading,33000-33039,40,128,48.05294417270465,984.766237702954,1852.3417796286597,298.3514218028614,39.1015625,9.456967134299651,-5.835274848806276,0.28813368055555555
round_robin,degrading,34000-34039,40,128,127.15726191961508,1117.475001313661,1975.0850556728547,377.51410721570784,48.80859375,13.292920294956263,-6.922443290638827,0.3063194444444445
least_connections,degrading,30000-30039,40,128,285.2453710763157,994.8804945932384,1687.2936534829787,371.52696931168936,52.7734375,15.781827819885159,-6.797546654425867,0.29744140625000004
least_connections,degrading,31000-31039,40,128,51.0014657356763,951.0004456752447,2028.8054215950808,328.40467118436936,43.96484375,12.7278302252979,-5.941878399777417,0.2872482638888889
least_connections,degrading,32000-32039,40,128,94.11721981875196,1045.385012849963,2084.6099964208943,335.9775349347866,44.98046875,11.372911380521412,-6.017145981773153,0.2861827256944445
least_connections,degrading,33000-33039,40,128,47.100981630436024,1131.7877970583327,1873.161342785608,317.5844000851739,40.0390625,11.7196577639991,-6.0257998516464175,0.28746961805555554
least_connections,degrading,34000-34039,40,128,285.1307061150793,1105.361363392426,2374.3563089746085,395.5633376135759,51.26953125,15.605809324565131,-7.25103977473322,0.3000520833333334
random_shadow,degrading,30000-30039,40,128,311.2795466382328,1094.9112001435153,1832.8058874707237,387.38620952081146,52.87109375,15.449057188940865,-6.814761605797426,0.32977194174015273
random_shadow,degrading,31000-31039,40,128,56.487880192478826,998.8023739120182,1837.07470366376,316.1290957422731,41.9921875,11.760665664821278,-5.587681087210351,0.3134281327341656
random_shadow,degrading,32000-32039,40,128,81.51485120604346,1090.1509110668414,2436.244141150326,346.60915403097334,45.44921875,11.393208665672498,-6.021541924930199,0.315358534257724
random_shadow,degrading,33000-33039,40,128,51.707908227008254,1029.3431777013595,1798.9964354199392,308.45725926399405,41.11328125,10.923834133348471,-5.888665367031799,0.31270752187836914
random_shadow,degrading,34000-34039,40,128,128.04645894159,1174.1543787643736,2131.0337714011525,376.9604964662461,49.08203125,14.82252234549771,-6.85943987105569,0.3265149890639951
join_shortest_queue,degrading,30000-30039,40,128,342.3804343550448,1364.5599019443293,1684.1885283810905,465.5442359856268,52.81249999999999,17.986812967922212,-7.260863788665245,0.3184725922519914
join_shortest_queue,degrading,31000-31039,40,128,53.24805841620572,1234.0127973095828,1554.679206771006,368.07212835702353,41.23046875,13.41508685862331,-5.859027935445042,0.3002835251896963
join_shortest_queue,degrading,32000-32039,40,128,65.87814691403838,1185.4921452838203,1870.5093064464272,367.1583003643053,40.8984375,12.865139908287917,-5.987874976467964,0.2885694962979886
join_shortest_queue,degrading,33000-33039,40,128,50.50632790810791,1300.9718764896086,1939.4704881673347,359.90108322936106,40.859375,13.045030618314646,-6.302198667889267,0.296254344988301
join_shortest_queue,degrading,34000-34039,40,128,265.5967377248942,1426.963934751811,2272.393184374056,465.1132295844718,50.72265625,17.26019560251578,-7.522727900291022,0.31390335254563345
power_of_two_choices,degrading,30000-30039,40,128,201.6793828932705,1206.7944691261873,1734.650134049692,440.4241770085649,50.0390625,17.426788894900888,-7.032692021277453,0.30596866058487093
power_of_two_choices,degrading,31000-31039,40,128,45.39851941402166,1234.0127973095828,1434.0527372982103,328.87056979876775,37.94921875,12.95936590455193,-5.552142008302277,0.2816743022013209
power_of_two_choices,degrading,32000-32039,40,128,57.14865735523938,1254.8173708927445,1835.548631188071,346.6570833293566,39.453125,12.467622021451655,-5.828420136442957,0.2786238465872734
power_of_two_choices,degrading,33000-33039,40,128,42.6516659530688,1250.301811877035,1927.3079997693287,337.18295979481235,37.28515625,12.636514237752259,-6.078289439057302,0.2800996732559594
power_of_two_choices,degrading,34000-34039,40,128,119.64256003507613,1295.6102436483814,2282.4120742966884,437.54451941504584,48.26171875,16.834945212746963,-7.2887486398229075,0.30125455124798695
least_response_time,degrading,30000-30039,40,128,40.59783179943561,1077.1364677996357,1296.1734406187813,354.9446513193683,47.36328125,16.4606282979644,-3.981059860840677,0.40080804580279245
least_response_time,degrading,31000-31039,40,128,31.017179799378482,989.0292922397931,1215.8567060830803,256.33883076058817,35.9375,11.976603653516582,-2.983782936852891,0.39165796417302345
least_response_time,degrading,32000-32039,40,128,34.824244362905326,1111.9447665534046,1278.774219397293,287.87550598998394,39.86328125,11.925746193007903,-3.2851139921665458,0.3857331614205347
least_response_time,degrading,33000-33039,40,128,29.75005696560862,967.8546323795921,1247.2611302436135,222.98963535127928,32.36328125,10.830142765581089,-2.7031032771815267,0.37819769570679945
least_response_time,degrading,34000-34039,40,128,34.82429085353113,1259.6687950768655,1335.0580270202108,325.9705369782452,42.32421875,15.117017774546317,-3.71992892604253,0.40544459832094387
weighted_least_connections,degrading,30000-30039,40,128,307.65022439124135,1694.1969525540692,3418.8458078137064,551.407765564766,52.3046875,29.440400364497698,-8.293909099089358,0.418317553845895
weighted_least_connections,degrading,31000-31039,40,128,65.31883141430559,1957.5425157780815,3408.6695597622816,505.56251175408636,44.90234375,23.407128446665784,-7.18504525047846,0.3777762418877114
weighted_least_connections,degrading,32000-32039,40,128,59.661599039032595,1864.0350885556481,3785.829102377005,464.6507460493347,40.390625,22.123689679180192,-6.932841202944007,0.36426408335042587
weighted_least_connections,degrading,33000-33039,40,128,48.37848241067148,2555.738005573346,4064.7886709700283,522.1797786979571,41.58203125,21.80107619630128,-7.599813319741716,0.3692351200182184
weighted_least_connections,degrading,34000-34039,40,128,220.96721559230264,2534.1015948399,4081.3991836978225,613.5467287415215,50.1953125,26.511326267051675,-8.763546153492419,0.38472104103714216
candidate_mono_seed0,degrading,30000-30039,40,128,34.660156142348,1038.9101494557808,1240.472015481419,226.2591619399005,21.796875,9.098878639514584,-2.7809868314441872,0.28178834954326115
candidate_mono_seed0,degrading,31000-31039,40,128,31.57332718285386,970.5786273420833,1295.8649863495737,165.08164233384338,14.35546875,6.593306900074385,-2.1168139739765803,0.27662497932683794
candidate_mono_seed0,degrading,32000-32039,40,128,32.72929804654949,1004.2352750940834,1270.9297984716509,224.9208503670151,15.68359375,6.746626553301875,-2.538076565153812,0.27449548239280264
candidate_mono_seed0,degrading,33000-33039,40,128,28.959242523341487,906.1263725000983,1349.8003262623092,168.45586993919997,13.41796875,5.971615222160576,-2.080266441012268,0.2739040677565936
candidate_mono_seed0,degrading,34000-34039,40,128,33.376807645293106,1033.39764709379,1335.0580270202108,253.29042664380896,25.9765625,10.790462844987145,-3.0965642199628767,0.3077009810698548
candidate_mono_seed1,degrading,30000-30039,40,128,34.510781838555296,1098.955035400052,1296.3747844815125,292.3825639597717,23.90625,9.464246233750274,-3.352479680854336,0.2867766996015856
candidate_mono_seed1,degrading,31000-31039,40,128,31.42323049065584,969.7339726588012,1240.3408902322367,161.90196950691086,15.117187500000002,6.601088871056765,-2.1117693176983052,0.2755826186479849
candidate_mono_seed1,degrading,32000-32039,40,128,32.64244036833168,1017.9632096107598,1446.3615756183913,244.0487614005611,16.3671875,6.786803852069767,-2.63566255720674,0.27547510125200975
candidate_mono_seed1,degrading,33000-33039,40,128,28.955931585822814,906.1263725000983,1345.366408031485,167.13954598002005,13.593749999999998,5.851599836911907,-2.082142086126197,0.27345772336510166
candidate_mono_seed1,degrading,34000-34039,40,128,33.253914591985776,1043.6816927589039,1335.0580270202108,251.84595898768976,25.29296875,10.714733590654843,-2.980090803573946,0.3036710919061868
candidate_mono_seed2,degrading,30000-30039,40,128,34.707154720690276,1038.9101494557808,1454.7076944563157,277.3882620582144,21.66015625,8.285071676809382,-3.189363782996252,0.2878198213004409
candidate_mono_seed2,degrading,31000-31039,40,128,31.582804173305043,969.6895171491547,1296.3960717338928,140.72133167548424,13.691406249999998,6.177869826289608,-1.9527175370290621,0.27705103800135206
candidate_mono_seed2,degrading,32000-32039,40,128,32.89818820707661,1004.2352750940831,1303.7254129087312,192.49556910844262,13.2421875,5.480513675401487,-2.264181527569374,0.27471413058612465
candidate_mono_seed2,degrading,33000-33039,40,128,29.05012237469376,816.8182936859522,1349.8003262623095,151.52430612906306,11.07421875,4.784610404213567,-1.9687676657513062,0.2733343209397966
candidate_mono_seed2,degrading,34000-34039,40,128,33.40434527424683,1043.6816927589039,1335.0580270202108,264.923660327613,25.48828125,10.78277205841175,-3.2636417621997493,0.31292755264268296
candidate_mono_seed3,degrading,30000-30039,40,128,34.92197136787157,983.4624500948016,1356.5670334315723,234.54892292949208,21.69921875,8.048580230809184,-2.9680877724831567,0.27922432443282635
candidate_mono_seed3,degrading,31000-31039,40,128,31.633311841970595,969.6895171491547,1297.3444802711786,175.72153328322332,16.19140625,6.7842170067513585,-2.307894112966069,0.2795120229319637
candidate_mono_seed3,degrading,32000-32039,40,128,33.13888036932066,872.4705218425818,1303.7254129087307,208.8499815910021,12.94921875,5.261985111658894,-2.427634331398475,0.2660814760765376
candidate_mono_seed3,degrading,33000-33039,40,128,29.12281342338857,816.8182936859522,1349.8003262623095,149.665071687938,10.8203125,4.773178459471703,-1.9674650863439844,0.26679743765496733
candidate_mono_seed3,degrading,34000-34039,40,128,33.44943785720038,1029.9950053494526,1404.4948287469272,263.2596947922927,23.30078125,9.585538524751128,-3.2065502498185756,0.2972105515755198
candidate_mono_seed4,degrading,30000-30039,40,128,34.72035442212609,1038.9101494557808,1356.5670334315726,265.14345035326045,20.21484375,7.8886802236819165,-3.117401490627723,0.2807606892476921
candidate_mono_seed4,degrading,31000-31039,40,128,31.533388536943484,969.6895171491547,1297.3444802711786,142.18933658115765,13.828125,6.201989242989408,-1.997753582263416,0.2772826755349195
candidate_mono_seed4,degrading,32000-32039,40,128,32.70035994660017,997.6207627047738,1364.1771768998467,206.98522774911763,13.41796875,5.559674974604545,-2.341917936614088,0.2731360925267875
candidate_mono_seed4,degrading,33000-33039,40,128,29.04460942869001,861.8122623465334,1349.8003262623092,155.13234267463673,11.484375,5.012560932886828,-2.0080559116891132,0.2718237371527744
candidate_mono_seed4,degrading,34000-34039,40,128,33.339800788532145,1044.330704078042,1423.320154275241,257.43921257182757,25.546875000000004,10.710140626472889,-3.1504937488238207,0.3076898319172948
candidate_maxxer_seed0,degrading,30000-30039,40,128,35.64913372998954,919.3208485112056,1241.4056108092861,250.97221563451717,36.62109375,11.898494584400634,-4.181546929486666,0.31077000421095285
candidate_maxxer_seed0,degrading,31000-31039,40,128,32.452255575686,843.099149528087,1259.2537572619005,173.3191806616789,21.484375,8.17273367915892,-2.813617845118773,0.2841296605143625
candidate_maxxer_seed0,degrading,32000-32039,40,128,34.532337791354095,810.4764877768212,1405.5162430043565,175.72706919023742,22.87109375,7.68120849363318,-2.925524246161379,0.2826842921016971
candidate_maxxer_seed0,degrading,33000-33039,40,128,30.341515549312906,870.0710815239871,1313.4499816409657,173.20696358441904,22.83203125,7.990403937944142,-2.903749754992493,0.2923487769959997
candidate_maxxer_seed0,degrading,34000-34039,40,128,34.47771855311732,951.1294053013971,1733.3405595151896,246.4966483166357,32.40234375,11.271175915921114,-3.9364570915979002,0.3061698814126931
candidate_maxxer_seed1,degrading,30000-30039,40,128,35.897563273558404,779.872713113214,1073.4427153903325,213.35919955761932,37.5390625,12.410254667668967,-3.3926002479870996,0.3169214877102526
candidate_maxxer_seed1,degrading,31000-31039,40,128,31.820171292615576,576.997612955666,968.3268006574638,132.69780134594865,21.58203125,7.945081859303135,-2.2644075198677074,0.2889913742993873
candidate_maxxer_seed1,degrading,32000-32039,40,128,33.8991464745518,710.2497520205276,1146.3490827750204,154.78253494685183,23.359375,7.86996815058559,-2.4469603860469578,0.28324683929170125
candidate_maxxer_seed1,degrading,33000-33039,40,128,30.528092104140207,652.9429884694961,1293.4890240709144,146.73627750960608,22.01171875,7.817782636387544,-2.3932337566213286,0.286109730941391
candidate_maxxer_seed1,degrading,34000-34039,40,128,33.31410891719264,850.6109912515584,1297.9998146154378,210.56413972756394,32.2265625,11.370622666815606,-3.434360547373079,0.3082716555882381
candidate_maxxer_seed2,degrading,30000-30039,40,128,36.99413385759312,924.7614998546891,1434.1884831476755,235.11219139567015,33.80859375,10.6901895855815,-4.26690082322767,0.30150583631852684
candidate_maxxer_seed2,degrading,31000-31039,40,128,32.88714640088405,891.9328853552778,1552.1254297123792,177.1405044037295,21.42578125,8.008343116840596,-3.1360082736015924,0.2837894351576981
candidate_maxxer_seed2,degrading,32000-32039,40,128,34.810934501933644,812.9824112243277,1137.6541629991184,172.02106953268415,22.44140625,7.244226339625201,-3.2351001945726026,0.2751851394038777
candidate_maxxer_seed2,degrading,33000-33039,40,128,31.970604565058643,795.8902511663823,1119.8778448065207,158.98533950102666,20.99609375,7.00712974643058,-2.873141261528107,0.27766239153196315
candidate_maxxer_seed2,degrading,34000-34039,40,128,34.05581118382043,901.2521879699908,1337.4266900098535,217.01334185181355,30.56640625,10.538424634713113,-4.0252879190631745,0.2990676304662321
candidate_maxxer_seed3,degrading,30000-30039,40,128,37.07185656572221,983.789516832541,1281.980420865986,249.0370132659321,32.48046875,10.639811985037113,-4.350495596504324,0.2962653116865126
candidate_maxxer_seed3,degrading,31000-31039,40,128,33.40379133881109,894.7203268680436,1102.8200704176281,178.11704921559084,21.875,7.696782778479465,-3.1318558099411162,0.2734897108977899
candidate_maxxer_seed3,degrading,32000-32039,40,128,34.88292086513124,879.7564700247623,1322.8441657716148,183.60003401618278,22.36328125,7.3011301959254675,-3.2884140121028635,0.2774364487045089
candidate_maxxer_seed3,degrading,33000-33039,40,128,31.731626595889367,858.5330056239331,1212.5179258689848,174.44976649081872,21.328125,7.2488190919371895,-3.264798193007794,0.2745166743820965
candidate_maxxer_seed3,degrading,34000-34039,40,128,35.65643718928007,966.6253014340596,1590.9072668337421,230.9851276563676,30.87890625,10.331730889501541,-4.145895120318874,0.29410594605161755
candidate_maxxer_seed4,degrading,30000-30039,40,128,36.15864284768638,832.4385561421437,1268.747415184785,218.97709682407532,34.21875,10.71939184874784,-3.685808442890381,0.3107264924049157
candidate_maxxer_seed4,degrading,31000-31039,40,128,33.676739041914004,767.9749757635066,1356.6583418139069,158.5318702387238,20.56640625,7.605667953233771,-2.733178930257991,0.29236078966876333
candidate_maxxer_seed4,degrading,32000-32039,40,128,34.49060879073872,779.3143657438526,1339.338491550094,156.45546931817597,20.6640625,6.911479186922839,-2.7377061495470087,0.28794092521759873
candidate_maxxer_seed4,degrading,33000-33039,40,128,31.243950997703713,699.2312549773893,1336.7532531702748,143.75632331996306,20.078125,6.756863882265867,-2.642349275955204,0.28805096063343105
candidate_maxxer_seed4,degrading,34000-34039,40,128,33.564750742658596,843.4841906661067,1256.0067072880079,213.20782397378153,31.3671875,10.372972599003631,-3.791828657786766,0.3095028201135338
policy_shipped,near-idle,30000-30039,40,128,24.586926776034325,55.70055055241679,362.2635934979552,72.24530611898004,1.25,0.25293066054966407,-0.8525965684634278,0.5125556640625002
policy_shipped,near-idle,31000-31039,40,128,30.63907041689485,54.53789722712394,73.23510891712583,51.16169375647668,0.390625,0.19730172529451115,-0.701692567318818,0.5125292968750002
policy_shipped,near-idle,32000-32039,40,128,22.370551167962972,53.61331156016853,123.4586100081312,64.82779498980338,0.87890625,0.31651343296501544,-0.823499218816415,0.5125659179687501
policy_shipped,near-idle,33000-33039,40,128,26.49054978985629,57.27429873511199,81.31728563739702,65.11459791215205,0.76171875,0.342093614309138,-0.8806136218971042,0.51255712890625
policy_shipped,near-idle,34000-34039,40,128,23.868585777704865,65.07007443547273,89.96018860133006,44.559240418204226,0.48828125,0.21163947960895882,-0.6354161528658381,0.51253076171875
candidate_v2,near-idle,30000-30039,40,128,24.969789976548686,31.480592586571053,35.79156506051681,26.123795104325325,0.05859375,0.006554164300134782,-0.33364930107923413,0.21579128894050084
candidate_v2,near-idle,31000-31039,40,128,24.276563998176172,31.101340124597645,37.305638598921604,26.39810631204735,0.09765625,0.006419152474493057,-0.37064083370861794,0.21808807223221546
candidate_v2,near-idle,32000-32039,40,128,22.312749396073738,31.338470054300448,34.6936043635273,26.188968291037877,0.17578125,0.009010855700542268,-0.3628133945218579,0.21453736777709015
candidate_v2,near-idle,33000-33039,40,128,23.953710597432078,33.379125148348265,44.90222287641581,27.72753602222865,0.17578125,0.007581969277044077,-0.4088856227011344,0.21808993238232627
candidate_v2,near-idle,34000-34039,40,128,23.61595496165859,35.423294827222506,40.505440495497936,26.782785775284196,0.13671875,0.010126570032598751,-0.3619772127597972,0.2143476915948818
candidate_a2c,near-idle,30000-30039,40,128,25.30914418794017,35.93120304731461,45.565589278454176,27.128591552811052,0.078125,0.001577076064590538,-0.3389965233203368,0.21003676790777775
candidate_a2c,near-idle,31000-31039,40,128,25.68423641395738,34.956914202486274,44.7997364613063,27.207113928076375,0.1171875,0.007233670064426085,-0.37361777617080205,0.21244504987082827
candidate_a2c,near-idle,32000-32039,40,128,23.089278800944047,34.5736879019626,41.551021799713695,27.092418314723467,0.13671875,0.008218103852000086,-0.36943568771895485,0.21050740854149996
candidate_a2c,near-idle,33000-33039,40,128,25.01649539877721,34.98420285026834,42.973575118154805,29.437179532880087,0.21484375000000003,0.009893441883352207,-0.4259471123374238,0.2113155099279917
candidate_a2c,near-idle,34000-34039,40,128,25.201410065229133,38.747228269344035,42.03935268143694,27.981832125178766,0.1953125,0.007818433264536835,-0.37028056883296917,0.21015889570249263
candidate_sac,near-idle,30000-30039,40,128,20.061100528903744,28.913153227723733,31.267814690105013,23.579852177129915,0.0390625,0.031060776555684004,-0.46832828921347913,0.7061728005041179
candidate_sac,near-idle,31000-31039,40,128,18.1448075871022,25.059527165888337,30.32493226672035,24.47280375595782,0.13671875,0.05164962315840387,-0.5141036843984101,0.7168337111711931
candidate_sac,near-idle,32000-32039,40,128,20.793431111818347,26.931185359274597,30.76497771786562,27.696270156987417,0.1171875,0.06932473635733805,-0.5045930744332459,0.6730583680855673
candidate_sac,near-idle,33000-33039,40,128,19.77928481036166,31.371314854736053,36.81083244115007,26.919129364934257,0.09765625,0.049641813591914614,-0.5358354424543564,0.6968629267418678
candidate_sac,near-idle,34000-34039,40,128,20.19482532306808,29.679090384954904,41.97305068066134,26.647481502903332,0.078125,0.059682026105412275,-0.4997749581123957,0.704243707639358
candidate_dqn,near-idle,30000-30039,40,128,27.390024798533247,34.90331126929326,39.61652545252371,27.656312924613303,0.1171875,0.00037980337081588034,-0.3401005889010101,0.20490662199843515
candidate_dqn,near-idle,31000-31039,40,128,26.917416709904614,32.49153506961071,36.42842083839588,28.44116056202065,0.13671875,0.004901118681775549,-0.3830824397778154,0.20527496241094828
candidate_dqn,near-idle,32000-32039,40,128,23.99717111775128,33.86213332235146,68.12381135268843,26.89631329695817,0.15625,0.005923827714597182,-0.35941903580229784,0.20809599910685056
candidate_dqn,near-idle,33000-33039,40,128,25.034103725056372,35.19493838895034,71.46918127101075,29.2294342014118,0.15625,0.008325351426292527,-0.41581689126514443,0.2093598021820262
candidate_dqn,near-idle,34000-34039,40,128,25.943704870840065,36.42141097394132,40.556421160251915,28.230002762854536,0.15625,0.005730365408419099,-0.3731314533885664,0.20551396818127937
round_robin,near-idle,30000-30039,40,128,27.341571080611562,55.52865133916092,2014.8251364954078,64.1950641803616,2.4609375,0.07503814286380166,-0.9169912774458006,0.24519314236111112
round_robin,near-idle,31000-31039,40,128,27.17414294503791,90.58086779901551,1922.0689142052731,75.19977528540737,2.8515625,0.1332053199491223,-1.1453389228031832,0.24534505208333335
round_robin,near-idle,32000-32039,40,128,24.20244402372061,86.39861212442256,1807.341995930371,79.91111006537444,3.45703125,0.16459473267748476,-1.2754698200820047,0.2455729166666667
round_robin,near-idle,33000-33039,40,128,25.898558523654792,110.45464483342447,2167.573771449207,87.28998495319867,3.5937499999999996,0.19562173808395722,-1.4518068186484725,0.24565972222222224
round_robin,near-idle,34000-34039,40,128,25.713238771763613,83.86550345266383,1951.598554961751,74.75155672497294,2.7734375,0.15224221727274356,-1.1445704178066998,0.24548611111111115
least_connections,near-idle,30000-30039,40,128,27.74423203272726,37.72018430760048,2288.1680749888947,79.98986830695115,3.2421875000000004,0.23391039375911396,-1.1348709162759696,0.2456380208333334
least_connections,near-idle,31000-31039,40,128,26.618321486801918,87.18908919543924,2165.6814162417904,85.05619428191295,2.7734375,0.3024756177049159,-1.2717943915465997,0.2457465277777778
least_connections,near-idle,32000-32039,40,128,24.05782802811835,83.10995055630336,1938.6933637253317,88.63273912721563,3.10546875,0.36564593601069145,-1.382039511776454,0.24582248263888892
least_connections,near-idle,33000-33039,40,128,25.769321731815552,87.991948924758,2358.6889930682114,95.37079300629682,3.76953125,0.41352159272879335,-1.5451931790301197,0.2458658854166667
least_connections,near-idle,34000-34039,40,128,25.398447279923126,78.81391581313153,2056.348627837821,83.93968013121967,2.94921875,0.35849270212938733,-1.2774892830276603,0.2458658854166667
random_shadow,near-idle,30000-30039,40,128,27.317534814332316,41.44249699129713,2213.878375655169,66.480924733003,1.9921874999999998,0.13059109234693386,-0.9431500312473287,0.26464050643511955
random_shadow,near-idle,31000-31039,40,128,27.234853441457588,78.94125617345048,1922.9155606963657,73.25358708263016,2.421875,0.1571227698133874,-1.092140333988055,0.2645825693056785
random_shadow,near-idle,32000-32039,40,128,24.28713670433649,58.0349062999399,2020.0014054313103,83.01574965452906,3.1445312500000004,0.23307800172848317,-1.2930693827018493,0.26614649381346844
random_shadow,near-idle,33000-33039,40,128,26.001423455179136,83.18765478344997,2187.7571447425776,86.55756115434181,3.22265625,0.2457363607626785,-1.4038506870093452,0.26609459464515484
random_shadow,near-idle,34000-34039,40,128,25.39791579593519,66.81813919455539,1925.4855511671626,71.35140071196615,2.67578125,0.17730045802856823,-1.0864596428708184,0.26491396056625605
join_shortest_queue,near-idle,30000-30039,40,128,27.69559367059392,87.95774045984962,1123.4278307310753,58.24492101790632,2.9296875,0.08050927100857344,-0.8243707616748992,0.20071631575201004
join_shortest_queue,near-idle,31000-31039,40,128,27.52292615685388,100.91718656256954,1866.4867232591457,60.77351495125604,2.40234375,0.19638991281933382,-0.9261703288074262,0.2011124812157822
join_shortest_queue,near-idle,32000-32039,40,128,24.364085191089117,112.38155958869,1575.1539914691427,57.07887767850734,2.9296875,0.2899247774585585,-0.9212450308933056,0.20139259856848338
join_shortest_queue,near-idle,33000-33039,40,128,25.50991926887137,116.73015732799928,2094.319881623548,71.86712888495384,2.48046875,0.3486552642685605,-1.2174675871057143,0.2016517115013206
join_shortest_queue,near-idle,34000-34039,40,128,26.124953626283563,101.92720552543761,1719.0558958979645,66.3488781568423,2.75390625,0.2771814817307973,-1.0252286206185635,0.20154575440290845
power_of_two_choices,near-idle,30000-30039,40,128,27.6039450368041,84.86297000285458,1991.357200516263,61.98650962776534,2.734375,0.09248761212268163,-0.8800566367201649,0.20136477682768109
power_of_two_choices,near-idle,31000-31039,40,128,27.310578748958825,100.98870608631803,1860.9392350453454,62.37130108148373,2.51953125,0.1893708698505838,-0.9534576784845961,0.20169746346700185
power_of_two_choices,near-idle,32000-32039,40,128,24.39936137680691,112.82819488922507,1547.2794026345682,58.266180654046686,3.3398437500000004,0.26218008801307624,-0.9471810353180874,0.20192036172008718
power_of_two_choices,near-idle,33000-33039,40,128,25.430040755944624,117.32033230921762,2112.793061523374,72.37164841684087,2.5,0.3458957107015931,-1.2260085587599785,0.20217241197994634
power_of_two_choices,near-idle,34000-34039,40,128,26.137018743403438,90.61347654386148,1818.0430419694844,67.52585722423187,2.63671875,0.2901129745188044,-1.0363462439450113,0.20219195667598716
least_response_time,near-idle,30000-30039,40,128,21.08102806135471,30.339043069318826,34.068018444001716,24.4119986186827,0.05859375,0.014648804580520494,-0.34216379941025893,0.2649864698919314
least_response_time,near-idle,31000-31039,40,128,20.29522417332138,28.166249206681602,33.86386933750637,24.157266506194897,0.09765625,0.016020359176771456,-0.3783444045062779,0.2774500387280422
least_response_time,near-idle,32000-32039,40,128,20.226009999850234,28.584197786246737,30.08618105289707,24.738367489655424,0.15625,0.0230286453240803,-0.36403872730572306,0.2541917393281052
least_response_time,near-idle,33000-33039,40,128,20.23241944586549,32.88446708007461,39.83479985183706,25.76038048139096,0.15625,0.019578886246678452,-0.4077441518416666,0.26558062962148127
least_response_time,near-idle,34000-34039,40,128,20.207798836866026,34.842035712434885,40.28384789970672,25.258446088187032,0.13671875,0.02451890140429569,-0.3663274390420626,0.261896744164395
weighted_least_connections,near-idle,30000-30039,40,128,27.665885708260987,86.9402388293054,693.0760930306578,70.59618496148813,3.125,0.38179637763849,-0.8819441280963751,0.20305343571003184
weighted_least_connections,near-idle,31000-31039,40,128,27.490274121433956,100.15257148279822,3708.4340860978955,84.65106598793648,2.48046875,0.6905503049389022,-1.0744075068376877,0.20561356328859684
weighted_least_connections,near-idle,32000-32039,40,128,24.328385607917355,112.00097072006128,3265.644848267371,79.02613793647033,3.3007812499999996,0.7152292372668174,-1.05689567533513,0.2059235999972991
weighted_least_connections,near-idle,33000-33039,40,128,25.556114520416646,115.22067572034169,4134.2008681123525,109.13225658781535,2.5390625,1.0671465525020298,-1.4448488074583772,0.20836577494458988
weighted_least_connections,near-idle,34000-34039,40,128,26.38158256817719,104.14639197490555,3316.0865798969485,93.16654329223289,2.75390625,0.8955646721283647,-1.1828642221140933,0.20781632000188938
candidate_mono_seed0,near-idle,30000-30039,40,128,23.723780084536482,31.47815471405173,39.285611563592866,25.73915372488465,0.05859375,0.0064911363416546245,-0.33349426934804494,0.21950324439687216
candidate_mono_seed0,near-idle,31000-31039,40,128,23.24147055123243,30.365743318984034,35.17306125161229,25.808552159594342,0.13671875,0.008839728628097657,-0.3707571721044644,0.2244341786055736
candidate_mono_seed0,near-idle,32000-32039,40,128,21.75677727284815,31.266928165108013,35.59101098965044,26.03756485815772,0.15625,0.010943572959408515,-0.3608005887282054,0.2172351464438818
candidate_mono_seed0,near-idle,33000-33039,40,128,22.938489409896768,33.3591320373651,38.99062213959062,27.84638455987034,0.1953125,0.011176052080866127,-0.417927127826041,0.221645312019578
candidate_mono_seed0,near-idle,34000-34039,40,128,22.97613679786391,35.66406957681824,40.41034587027623,26.964356286625094,0.17578125,0.012946224698196857,-0.3701974330307296,0.2186812481969179
candidate_mono_seed1,near-idle,30000-30039,40,128,23.728462366109433,31.4729051973359,37.79552625957716,25.663927421419267,0.05859375,0.006539439196569692,-0.33291018796993976,0.2196595358309606
candidate_mono_seed1,near-idle,31000-31039,40,128,23.238782442360858,30.357480529994678,35.14842675078664,25.726390614612377,0.13671875,0.008870949464305949,-0.3700348859828505,0.22457361904826886
candidate_mono_seed1,near-idle,32000-32039,40,128,21.749824687147346,31.258829650407783,35.00467427163125,25.899385343926646,0.15625,0.010999077407357935,-0.3595733716477871,0.21744219839565
candidate_mono_seed1,near-idle,33000-33039,40,128,22.93814960133536,33.34689774010462,39.00527877406593,27.78734447922834,0.1953125,0.011188738816078582,-0.41725225746167693,0.22174297866762477
candidate_mono_seed1,near-idle,34000-34039,40,128,22.949936412805652,35.66160177983063,40.40603629564045,26.89150092287855,0.17578125,0.012995710655570376,-0.36963065532787126,0.2188162588311222
candidate_mono_seed2,near-idle,30000-30039,40,128,21.503360920379674,34.289796622458546,41.2891470114016,25.485641472285245,0.05859375,0.006508897522586678,-0.33555386001085835,0.22881079176172894
candidate_mono_seed2,near-idle,31000-31039,40,128,21.771564929549783,31.162680953671817,45.14726276308716,25.38565433587278,0.13671875,0.009579816178674126,-0.37412608413104353,0.24012091649111028
candidate_mono_seed2,near-idle,32000-32039,40,128,20.253199017597233,31.2817985247329,42.60110988191096,25.703961590813083,0.15625,0.01213804236103639,-0.36362409017052977,0.22932222003964578
candidate_mono_seed2,near-idle,33000-33039,40,128,22.936237683602545,33.42540860284711,51.55378769423711,27.945835598946804,0.1953125,0.013588512001797622,-0.42186297446183635,0.2283308439768895
candidate_mono_seed2,near-idle,34000-34039,40,128,21.68264542893834,35.66785967898039,40.41934350430129,26.796267687022556,0.17578125,0.013352803095974647,-0.3724114443838776,0.22665279530781163
candidate_mono_seed3,near-idle,30000-30039,40,128,23.921111626045835,34.28654080904031,39.730312823202794,25.94983149604122,0.05859375,0.006516339723372145,-0.33524461971112995,0.21928650753343396
candidate_mono_seed3,near-idle,31000-31039,40,128,23.46888049753945,30.8844947692262,43.077510700328354,26.032762314150354,0.13671875,0.008855990078844302,-0.3726961354617417,0.22426023339474624
candidate_mono_seed3,near-idle,32000-32039,40,128,21.77888961531785,31.885421510116053,46.89170867381482,26.366850291936352,0.17578125,0.010972564298075126,-0.3639947654341216,0.2170159308469509
candidate_mono_seed3,near-idle,33000-33039,40,128,23.02037305560141,33.43542888413014,49.7392352493169,28.193870004975775,0.1953125,0.011182664785732314,-0.4210902161672351,0.22145886617889596
candidate_mono_seed3,near-idle,34000-34039,40,128,22.98784331958917,35.66949342816239,40.421097967067794,27.184099326248873,0.17578125,0.012972052930439147,-0.3724007617725117,0.2185089868637124
candidate_mono_seed4,near-idle,30000-30039,40,128,23.858666933494398,32.10100657601967,39.428931943396904,25.593861110828904,0.05859375,0.006526285256642288,-0.3344159184736426,0.2242460902548359
candidate_mono_seed4,near-idle,31000-31039,40,128,22.934298650139972,30.779170452794528,38.84095996086368,25.69773832607769,0.13671875,0.00886240560715644,-0.3717869528547058,0.22898209724007268
candidate_mono_seed4,near-idle,32000-32039,40,128,20.604486349572635,31.268106852547657,36.444834247563975,25.788903570979038,0.15625,0.012159433758161045,-0.3617937751605007,0.2242740105656687
candidate_mono_seed4,near-idle,33000-33039,40,128,22.935972892697663,33.37528772554019,43.62691932931705,27.84482554213444,0.1953125,0.012544077668586917,-0.41961020857798087,0.22563157168712483
candidate_mono_seed4,near-idle,34000-34039,40,128,22.239347492144418,35.6653538682032,40.41537812496106,26.852881683233978,0.17578125,0.012982230752053904,-0.3712194598241415,0.22262525464791363
candidate_maxxer_seed0,near-idle,30000-30039,40,128,25.433969341165803,32.807673036533366,41.030820405605894,26.594712493298363,0.05859375,0.003962026593659327,-0.33403162380925994,0.20936546141278253
candidate_maxxer_seed0,near-idle,31000-31039,40,128,25.00563042178154,34.622018200155935,36.95286237681338,27.35613033438503,0.1171875,0.006968787031402499,-0.38065585000747515,0.21206591904746536
candidate_maxxer_seed0,near-idle,32000-32039,40,128,23.097123390295323,33.02953027875524,36.445192812456355,26.549227312366234,0.17578125,0.006744567391045858,-0.3644740503234881,0.20980259861661404
candidate_maxxer_seed0,near-idle,33000-33039,40,128,24.573685101328785,34.138284446064326,43.4011349004669,28.16988545303939,0.1953125,0.007864911273049153,-0.4133291252470087,0.21212173639255338
candidate_maxxer_seed0,near-idle,34000-34039,40,128,24.37733242046904,36.00837546450051,40.49950346145618,27.185475691302383,0.17578125,0.009277269241019258,-0.3638179001123377,0.2100275333023877
candidate_maxxer_seed1,near-idle,30000-30039,40,128,25.4263302672572,33.27393294616875,37.69023256936346,26.412679508674387,0.078125,0.004195059239363737,-0.3356953346187611,0.2147422082248319
candidate_maxxer_seed1,near-idle,31000-31039,40,128,24.624312272759987,30.783047388447137,34.987526135527375,26.95310743027104,0.1171875,0.0066050092521622705,-0.378521123390671,0.21745368148036373
candidate_maxxer_seed1,near-idle,32000-32039,40,128,22.44476436641265,32.427103705524154,35.77461300863953,26.537728941272047,0.17578125,0.009407563576206035,-0.3645544992767989,0.2135111581902654
candidate_maxxer_seed1,near-idle,33000-33039,40,128,24.11914073253063,34.17795229730765,42.246266049429316,29.655480003488016,0.1953125,0.009621578892158445,-0.43367379580961884,0.21438323960622077
candidate_maxxer_seed1,near-idle,34000-34039,40,128,24.382535697460995,35.404686394293485,40.5312834861071,28.147108664572716,0.1953125,0.008393000696583513,-0.37969615373680127,0.21291213296128952
candidate_maxxer_seed2,near-idle,30000-30039,40,128,25.345300486190816,33.58295869023144,39.26435959946464,27.89210730863299,0.09765625,0.002979535839407417,-0.35495749807321875,0.22272805223734
candidate_maxxer_seed2,near-idle,31000-31039,40,128,25.040203210206933,33.97998925139379,37.78856550665949,27.556472744937548,0.1171875,0.00807830192974403,-0.3828829301112238,0.2263716861443985
candidate_maxxer_seed2,near-idle,32000-32039,40,128,22.842091664704313,32.45921986221339,37.29106864356191,27.14011424634366,0.15625,0.016236406663644905,-0.37864715584185615,0.22593037507852598
candidate_maxxer_seed2,near-idle,33000-33039,40,128,24.284097411518207,35.590294857965176,46.39781719944411,29.902359688289078,0.1953125,0.017830783821135673,-0.43073188899977816,0.2226289158668478
candidate_maxxer_seed2,near-idle,34000-34039,40,128,24.600888895889497,36.281540823745466,41.50261922956837,28.730821706250083,0.1953125,0.008107566564473012,-0.388669314545585,0.22279333762660664
candidate_maxxer_seed3,near-idle,30000-30039,40,128,25.245614923126602,35.193316742291785,46.52813586022146,26.93870607774516,0.05859375,0.0026948239461301016,-0.33731864174284787,0.21315630918370845
candidate_maxxer_seed3,near-idle,31000-31039,40,128,25.444430588715967,35.45055304041555,46.098202062257755,28.789846944273272,0.17578125,0.011621740900129409,-0.39865704473105346,0.2155798849212834
candidate_maxxer_seed3,near-idle,32000-32039,40,128,23.593963688804166,33.117243336346505,42.277377058592194,26.22370047071256,0.1171875,0.005392737401985642,-0.3573146744151877,0.21315731940490287
candidate_maxxer_seed3,near-idle,33000-33039,40,128,25.101579077770865,34.49028881747712,44.08823877928648,28.690905077147153,0.1953125,0.009200906128801624,-0.41955846477648207,0.2161738079266801
candidate_maxxer_seed3,near-idle,34000-34039,40,128,24.86453300935576,37.13149814425078,40.40552405908609,27.554371893988264,0.17578125,0.009936192817227496,-0.36814305921530177,0.21416084323079804
candidate_maxxer_seed4,near-idle,30000-30039,40,128,25.135584091422125,33.703743164265745,40.01674272881862,27.132845095308017,0.078125,0.0018306031876415905,-0.3473598578861593,0.2338266591873957
candidate_maxxer_seed4,near-idle,31000-31039,40,128,25.513536192078618,32.84806490153854,37.929300698229454,27.269974406793732,0.1171875,0.012952086423412371,-0.3850650482283264,0.23955544074154772
candidate_maxxer_seed4,near-idle,32000-32039,40,128,22.988325791387997,32.37351763121608,35.45010876338433,26.085158164126756,0.1171875,0.01027172595208825,-0.3635663653679612,0.235736389554902
candidate_maxxer_seed4,near-idle,33000-33039,40,128,24.421979940430177,36.12340668718333,43.12376459652171,29.23432741142825,0.1953125,0.01649295292196023,-0.43038646539494,0.23744539858573002
candidate_maxxer_seed4,near-idle,34000-34039,40,128,24.91831943947409,37.03993305820622,40.23348644938324,27.876404196976374,0.17578125,0.011595708124259104,-0.3774042427950608,0.23569422578954632
policy_shipped,held_out_dual_degrade,30000-30039,40,128,1183.0129203179172,2880.778777865472,4553.776899395915,1170.3021669337336,72.55859375,22.98389998726817,-14.657934195720042,0.5194418945312499
policy_shipped,held_out_dual_degrade,31000-31039,40,128,1029.3383426284681,2851.3710548327595,4074.5909067819875,1033.8787635224023,65.546875,21.958418972461597,-13.712355062855426,0.51879443359375
policy_shipped,held_out_dual_degrade,32000-32039,40,128,1139.2882560837052,2959.2440842961782,4403.2203468217,1200.0940340584098,76.66015625,24.571373450519822,-15.035554066100712,0.51927490234375
policy_shipped,held_out_dual_degrade,33000-33039,40,128,1003.5255770052481,2803.499278144765,4577.683212317853,1008.9080787058654,63.61328125,22.110033420385715,-12.855201912142547,0.5180664062499999
policy_shipped,held_out_dual_degrade,34000-34039,40,128,1197.0448147805548,3205.1258522592457,5182.767600179521,1277.0983191877658,77.51953125,27.412453017397393,-16.24067896021746,0.5197978515624999
candidate_v2,held_out_dual_degrade,30000-30039,40,128,94.88666655294371,2657.2730747625214,3747.662445254762,785.4993191904351,43.0078125,12.383581916943074,-9.516925106718784,0.3185496720572477
candidate_v2,held_out_dual_degrade,31000-31039,40,128,86.27667702060509,2636.15387494868,3754.971619014536,769.4826302557242,40.41015625,13.576937423039181,-9.541572908863865,0.32446304490060723
candidate_v2,held_out_dual_degrade,32000-32039,40,128,90.31347356182422,2864.8464685961144,3880.0197607237574,896.0100867800253,44.08203125,16.73726166301973,-10.708183571180587,0.33543760138055095
candidate_v2,held_out_dual_degrade,33000-33039,40,128,86.3540091058535,2701.576602047683,3590.3072016412507,777.9515708769222,39.51171875,14.593957565136023,-9.294394597992328,0.3240305966859387
candidate_v2,held_out_dual_degrade,34000-34039,40,128,113.35103018639882,2858.107934181639,4206.541089830904,913.6834451909086,47.20703125,15.71626713823348,-11.12715687567849,0.3356801122810838
candidate_a2c,held_out_dual_degrade,30000-30039,40,128,107.20513628421233,2932.865332666292,4662.30539286594,870.0770205850306,45.0,12.331723500525719,-10.96689775893396,0.3099264543632504
candidate_a2c,held_out_dual_degrade,31000-31039,40,128,96.29701691815518,2683.7648447708793,3849.1645635461114,861.1734182326032,42.6953125,13.733572447739789,-11.080559496016305,0.3138934702858359
candidate_a2c,held_out_dual_degrade,32000-32039,40,128,98.87262334435238,2884.9985716891606,4492.016371463662,945.4053955134339,45.64453125,16.898827510223963,-11.876666896615468,0.32476578100591336
candidate_a2c,held_out_dual_degrade,33000-33039,40,128,94.4307564981647,2795.3872042633775,3762.4998439167694,832.0014355624386,41.58203125,15.31352237557127,-10.65355666974953,0.3192677445212353
candidate_a2c,held_out_dual_degrade,34000-34039,40,128,194.658556356335,2854.9156454078966,5251.87320032084,998.7021594781461,49.86328125,16.3055591806696,-12.630389255893325,0.329119224226042
candidate_sac,held_out_dual_degrade,30000-30039,40,128,112.36243969041121,2445.4695712021544,3443.816240249404,853.2732526495587,45.37109375,17.53593840215717,-8.525357833870038,0.43238787497651554
candidate_sac,held_out_dual_degrade,31000-31039,40,128,98.0658451535576,2363.7059462096086,3136.611249766535,820.7676143479428,42.2265625,17.725319208166972,-8.16134823612794,0.43560061168826125
candidate_sac,held_out_dual_degrade,32000-32039,40,128,108.03587587666573,2518.82983225601,2952.2236762880334,929.9342505064145,45.4296875,20.994659969327802,-9.147546642479686,0.4450836715890569
candidate_sac,held_out_dual_degrade,33000-33039,40,128,97.25426989938197,2327.9779400165526,2869.962458716416,804.8812322265928,41.5625,18.447061825791856,-8.002890456687998,0.4417195367435095
candidate_sac,held_out_dual_degrade,34000-34039,40,128,114.44579447095691,2454.8539822085268,3029.389112582119,912.4803367320371,47.08984375,19.92586652071581,-9.099629253795587,0.4397129587368018
candidate_dqn,held_out_dual_degrade,30000-30039,40,128,99.48718127464022,2818.783328175965,3981.5794375541,854.122983827044,37.421875,13.593739080251064,-9.091866118167424,0.358930078804704
candidate_dqn,held_out_dual_degrade,31000-31039,40,128,90.01500440712113,2587.6761242181433,3861.984255082613,828.4503231161634,38.0078125,14.766738413138908,-8.885164687079776,0.3808727562790753
candidate_dqn,held_out_dual_degrade,32000-32039,40,128,95.32301965176069,2819.9992853008694,3874.2465998501057,1007.7209893394241,42.12890625,18.667587712197836,-10.194584892581242,0.4013724622716057
candidate_dqn,held_out_dual_degrade,33000-33039,40,128,92.12201452472004,2671.1358555056063,7861.587184571743,889.078919509789,37.96875,16.439740332758912,-8.882041149814956,0.39042095695314083
candidate_dqn,held_out_dual_degrade,34000-34039,40,128,102.96776456858552,2791.0724019718377,3768.4356880864925,998.893265031463,42.59765625,17.136034460711947,-10.443306519177336,0.39339397615093874
round_robin,held_out_dual_degrade,30000-30039,40,128,224.3278777123988,2902.2096440193463,5003.286773409189,952.3503418704079,51.38671875000001,11.694044877152084,-12.385749822307499,0.29824218750000003
round_robin,held_out_dual_degrade,31000-31039,40,128,179.6659678484013,2946.861584993153,4692.178102925041,908.6523635290232,48.7109375,12.801231085022142,-12.052825881238622,0.29967230902777786
round_robin,held_out_dual_degrade,32000-32039,40,128,318.49275052725534,3191.1050181183323,3991.682768667533,1046.2490149037735,52.16796875000001,15.943001820561292,-13.430354242181062,0.31088758680555556
round_robin,held_out_dual_degrade,33000-33039,40,128,161.286164293144,2965.53380287277,4061.0806142556253,909.7605071426508,47.32421875,13.81995234823124,-11.576894927629574,0.3025846354166667
round_robin,held_out_dual_degrade,34000-34039,40,128,781.5867544763105,3110.683677594719,4338.154354775591,1046.633021675126,55.3125,14.55684765411496,-13.612530718547635,0.3073806423611111
least_connections,held_out_dual_degrade,30000-30039,40,128,225.80450902125438,2759.957647388923,4468.4688393152865,920.3854123506939,50.50781250000001,13.172207169381847,-12.425871208956433,0.29218967013888897
least_connections,held_out_dual_degrade,31000-31039,40,128,182.28815180656738,2608.237138599024,4596.532424758902,882.8476636668631,48.96484375,14.04420545261837,-12.150977487212623,0.2931315104166667
least_connections,held_out_dual_degrade,32000-32039,40,128,191.25630535731318,2762.648800538245,4397.581454886935,987.8983460937718,49.58984375,16.53268290041244,-12.849739897901932,0.3013715277777778
least_connections,held_out_dual_degrade,33000-33039,40,128,162.9741232381885,2664.44575365203,4211.006556652751,851.485543499139,47.51953125,14.054462291211149,-11.1506579023986,0.29274956597222224
least_connections,held_out_dual_degrade,34000-34039,40,128,838.3897833314666,2691.2840578025452,4325.756624853171,1006.273964723644,54.3359375,16.326868182878126,-13.769811429909831,0.30038411458333336
random_shadow,held_out_dual_degrade,30000-30039,40,128,275.25598727381987,2983.35332037225,4421.824798692513,971.1314395029974,52.42187499999999,13.379114004737842,-12.468751478048384,0.32371966533170815
random_shadow,held_out_dual_degrade,31000-31039,40,128,194.39421850653738,2933.267497480194,4236.35409508862,931.3677943714811,49.7265625,14.201939897197757,-12.290849623016806,0.3240713841220765
random_shadow,held_out_dual_degrade,32000-32039,40,128,531.4664487392813,3114.4290372776713,4490.367923063989,1104.129059878511,53.41796875,17.602974960659694,-13.563305325329015,0.3384630774868847
random_shadow,held_out_dual_degrade,33000-33039,40,128,176.3233941984447,2802.7698359397405,4324.120242547695,936.0458090231275,48.69140625,15.371143902843116,-11.542909051131028,0.3304009308182503
random_shadow,held_out_dual_degrade,34000-34039,40,128,929.3101574104113,3118.2802067122097,4523.065751812209,1101.828475758815,57.75390625,16.55540437654987,-14.052143718034127,0.3345098903573433
join_shortest_queue,held_out_dual_degrade,30000-30039,40,128,143.70911119242476,3102.8180363290826,5462.672926296278,1027.0507900852258,44.82421875,13.69199366657588,-12.463477005841218,0.27324011900742784
join_shortest_queue,held_out_dual_degrade,31000-31039,40,128,125.35045159886374,3074.4921200637164,4692.178102925041,952.8775952019874,43.57421875,14.617681326602547,-12.16149277676946,0.27227748905279964
join_shortest_queue,held_out_dual_degrade,32000-32039,40,128,144.3392796048874,3793.3879037410697,5522.305665151241,1164.8885206523278,46.19140625,17.37496367447418,-13.62117879578867,0.2835081257316706
join_shortest_queue,held_out_dual_degrade,33000-33039,40,128,125.24291579960757,3158.0755942170326,5599.57901239993,1044.2546812058736,42.75390625,15.872465160950583,-12.059088374221256,0.2779035671684347
join_shortest_queue,held_out_dual_degrade,34000-34039,40,128,175.39446560280916,3960.943193663646,6291.5933834001125,1176.4374593261978,48.88671875,16.411500845911178,-13.78035657246792,0.28418224528597114
power_of_two_choices,held_out_dual_degrade,30000-30039,40,128,147.55229991584895,3120.140408624087,5310.877874800906,1008.4592147918204,45.41015625,13.649861074919217,-12.530228880778255,0.2722622652947316
power_of_two_choices,held_out_dual_degrade,31000-31039,40,128,140.9130128620952,2976.8068267644576,4666.269020255651,988.1118111698182,45.0,14.625224556887446,-12.307837069563714,0.2740339859669927
power_of_two_choices,held_out_dual_degrade,32000-32039,40,128,146.5258761328285,3668.226732619504,4931.959685510481,1161.6883526806066,46.73828125,17.672957655923526,-13.68489169843158,0.2841739219728697
power_of_two_choices,held_out_dual_degrade,33000-33039,40,128,129.91677140667625,3097.6216934859553,5246.532805566576,1044.0838955409138,43.41796875,16.044568068368136,-12.078842671302242,0.27934527484331256
power_of_two_choices,held_out_dual_degrade,34000-34039,40,128,154.57153228874228,3744.6263701609455,5216.077960577349,1118.0342822590424,47.265625,16.542587635086996,-13.557476830792705,0.282423617025316
least_response_time,held_out_dual_degrade,30000-30039,40,128,133.77944796031036,2718.0320117647775,4137.608315672075,1072.4419181489889,47.96875,14.558794899522049,-9.65646969394721,0.35687580650695666
least_response_time,held_out_dual_degrade,31000-31039,40,128,87.81223067581061,2552.1154590022065,3300.255906241238,959.5190992776461,44.6875,15.19466534958215,-8.78697224047767,0.35581203206308604
least_response_time,held_out_dual_degrade,32000-32039,40,128,95.7885112880769,2701.43949882288,3867.6118554278432,1054.481313364599,46.69921875,18.23563078509449,-9.66949452317887,0.36221989817803024
least_response_time,held_out_dual_degrade,33000-33039,40,128,87.24563532863174,2671.1358555056063,4006.065860997477,962.9154994548165,43.28125,16.023738587709246,-8.881973423901888,0.35616336823570316
least_response_time,held_out_dual_degrade,34000-34039,40,128,914.0002337077344,2686.3803317270817,7240.536683720235,1174.0920414925226,53.43750000000001,17.601386707333592,-10.64220312927108,0.3807968125227383
weighted_least_connections,held_out_dual_degrade,30000-30039,40,128,177.83387266630336,3735.799139746149,6953.320644956187,1129.213438484089,48.45703125,21.156332015960537,-13.856906719987325,0.34119022290341117
weighted_least_connections,held_out_dual_degrade,31000-31039,40,128,142.63011650195972,3573.459252649034,5002.4196609084975,1013.549162415821,45.9765625,20.749925935305196,-13.077794923522925,0.3297020879382013
weighted_least_connections,held_out_dual_degrade,32000-32039,40,128,265.6094161365473,3768.4870529292243,4717.893715079099,1194.2291697014866,51.50390625,23.22790431528424,-14.652798601753286,0.34769020433350317
weighted_least_connections,held_out_dual_degrade,33000-33039,40,128,146.08322350441233,3522.951226589171,5389.32850414724,1072.9360567459971,45.9375,21.474199306648472,-12.803351019694981,0.33445290811443285
weighted_least_connections,held_out_dual_degrade,34000-34039,40,128,299.71790508208164,3782.5043194808186,8998.94418290799,1206.8113667893228,52.40234375,24.582375732840426,-14.954084226194192,0.3636500932213334
candidate_mono_seed0,held_out_dual_degrade,30000-30039,40,128,90.61941453529946,2702.2715585580686,9804.760653636597,627.7413593486139,22.8515625,7.816649952729131,-6.210661114616739,0.26964229635288683
candidate_mono_seed0,held_out_dual_degrade,31000-31039,40,128,85.09053908220739,2416.985913986727,3154.1646533327666,538.1465027252258,23.28125,9.372703415563626,-5.537014753679889,0.2815652344946712
candidate_mono_seed0,held_out_dual_degrade,32000-32039,40,128,88.31808288750582,2807.2186362519137,9995.097469203467,915.9229677190364,33.73046875,14.0354024312375,-8.847877401903007,0.30163686640148135
candidate_mono_seed0,held_out_dual_degrade,33000-33039,40,128,84.97686830812393,2687.780794625766,4139.593978605892,697.2773375563677,27.792968750000004,11.331878773308409,-6.9478898027471185,0.2964962355078626
candidate_mono_seed0,held_out_dual_degrade,34000-34039,40,128,95.45471536753269,2705.9938784952387,10862.849084349551,772.0972248795042,28.02734375,10.773403491072427,-7.5642770234689705,0.2878110962437584
candidate_mono_seed1,held_out_dual_degrade,30000-30039,40,128,90.76957521692229,2753.5138819436706,10403.154261769827,671.3861655973429,25.1953125,7.740814730410013,-7.3864303063252805,0.2649796598357934
candidate_mono_seed1,held_out_dual_degrade,31000-31039,40,128,84.9434527312799,2416.985913986727,3590.1735844191935,648.6244279284986,28.4375,10.227319194509896,-7.083387448421426,0.2817285640194253
candidate_mono_seed1,held_out_dual_degrade,32000-32039,40,128,87.95656343205472,2807.2186362519137,10192.038253421757,883.7627913072856,34.39453125,13.337264184075964,-9.101057971528917,0.29821446363320064
candidate_mono_seed1,held_out_dual_degrade,33000-33039,40,128,85.23374989771835,2692.1038393975127,4106.723065652732,766.5173366752085,31.386718749999996,12.421782378487139,-7.9901064719751815,0.2984960770776767
candidate_mono_seed1,held_out_dual_degrade,34000-34039,40,128,95.49349554502201,2686.3694053791414,11403.673648893366,895.069266187799,34.04296875,12.10762670142367,-9.106867164777242,0.29917694834960307
candidate_mono_seed2,held_out_dual_degrade,30000-30039,40,128,91.0206104498942,2660.7654117711795,10461.527547175454,611.5240076770193,21.3671875,6.834496666249369,-5.88018705622722,0.26117698713085613
candidate_mono_seed2,held_out_dual_degrade,31000-31039,40,128,86.37194250081747,2398.007568445238,3663.7942964592967,568.7139662804389,22.67578125,8.5056916780558,-5.718700895370654,0.27237055830142454
candidate_mono_seed2,held_out_dual_degrade,32000-32039,40,128,88.76566137679937,2763.6068804825973,10781.044236420199,839.3793297988071,32.03125,11.638251360306366,-8.157242876649594,0.2870895845104695
candidate_mono_seed2,held_out_dual_degrade,33000-33039,40,128,85.64787529580917,2680.7670456529668,4139.593978605892,690.0955329953413,27.75390625,11.071287468668459,-6.831140791993356,0.2955299062133214
candidate_mono_seed2,held_out_dual_degrade,34000-34039,40,128,96.05146470112177,2612.5010072386094,10429.867484313203,765.4146250455384,29.21875,10.316740684897482,-7.461598648512114,0.2868207474602711
candidate_mono_seed3,held_out_dual_degrade,30000-30039,40,128,92.92971767491883,2660.7654117711795,10403.154261769829,611.3969151772808,21.953125,6.742176209589782,-6.252286393771625,0.25483317731304744
candidate_mono_seed3,held_out_dual_degrade,31000-31039,40,128,88.42656033658434,2417.1082926522085,10410.264494295572,595.571368008922,21.9140625,7.914348327488706,-6.131766204870743,0.260086991669109
candidate_mono_seed3,held_out_dual_degrade,32000-32039,40,128,91.30536253828174,3102.3967615485944,9599.45843352035,847.350460345017,32.578125,11.899643565196383,-8.855005437276215,0.28028233474309616
candidate_mono_seed3,held_out_dual_degrade,33000-33039,40,128,90.26805090952561,2783.8926813786966,7861.587184571743,734.0533917105051,27.968749999999996,10.834477726761193,-7.523963410620283,0.28162858648917394
candidate_mono_seed3,held_out_dual_degrade,34000-34039,40,128,98.13473519228116,2730.1771508381453,11602.527482247464,850.5887028123661,31.07421875,11.017985562260426,-8.463667562882318,0.28609194765581425
candidate_mono_seed4,held_out_dual_degrade,30000-30039,40,128,90.9064056176014,2660.7654117711786,10475.220046221184,620.1377063969796,21.54296875,6.954237152028611,-6.065981850130017,0.260949216537559
candidate_mono_seed4,held_out_dual_degrade,31000-31039,40,128,85.90950103995635,2416.985913986727,3167.936073568324,552.0202447119401,23.61328125,8.858536805317666,-5.729868582192523,0.2767379716057572
candidate_mono_seed4,held_out_dual_degrade,32000-32039,40,128,88.45410404190399,2794.2459146141364,10192.038253421755,869.295289690175,32.91015625,12.674896413445339,-8.57466752138056,0.29285238335536545
candidate_mono_seed4,held_out_dual_degrade,33000-33039,40,128,85.44361990250661,2687.7147837741963,8636.518580758855,689.6153962979142,27.36328125,10.404855218111315,-6.907509200122091,0.2890057829574652
candidate_mono_seed4,held_out_dual_degrade,34000-34039,40,128,95.79770313950027,2705.9938784952387,9304.911761020112,793.5212455545919,30.429687500000004,11.550947742975396,-7.804285234109948,0.290721680449472
candidate_maxxer_seed0,held_out_dual_degrade,30000-30039,40,128,95.590041750391,2609.054581756904,3611.0880546981753,749.1523577192172,42.4609375,11.959646708266305,-9.70490164659402,0.3161740257539516
candidate_maxxer_seed0,held_out_dual_degrade,31000-31039,40,128,87.52244330755778,2915.802369051275,3676.4915992704628,780.529927967197,41.07421875,13.160249449182682,-10.180867192078695,0.32188397948317826
candidate_maxxer_seed0,held_out_dual_degrade,32000-32039,40,128,93.50271359743219,2922.8909544009935,3677.167864652149,889.6916920940945,44.58984375,16.167313207990706,-11.046825440378651,0.33632460390694946
candidate_maxxer_seed0,held_out_dual_degrade,33000-33039,40,128,86.66293394622937,2707.1465684159807,4073.021713339029,790.5771867557103,39.84375,14.542095242121938,-9.819658514257522,0.3270506894548696
candidate_maxxer_seed0,held_out_dual_degrade,34000-34039,40,128,108.73700950125618,2849.0091217135246,4042.294029229743,886.5298578285216,47.5,15.32636301979602,-11.82850066827552,0.3264558273891781
candidate_maxxer_seed1,held_out_dual_degrade,30000-30039,40,128,98.65232310301298,2596.3077728977605,3628.262706177875,807.9085660537289,45.234375,13.474033179656834,-9.663234300868998,0.3423747757336736
candidate_maxxer_seed1,held_out_dual_degrade,31000-31039,40,128,86.22010885747986,2601.4434110566044,3604.861037655716,807.865433046034,43.59375,14.515567122098794,-9.838352045594974,0.34196765331834367
candidate_maxxer_seed1,held_out_dual_degrade,32000-32039,40,128,91.31683591538939,2798.456438911691,3962.9309303674318,926.8608263015751,45.46875,17.182489646211128,-11.26384964776437,0.350082597977497
candidate_maxxer_seed1,held_out_dual_degrade,33000-33039,40,128,87.18925020860252,2683.4522130408923,3552.0276957624096,815.0183990732096,41.09375,15.10816611894104,-9.670458864073302,0.34514874189461703
candidate_maxxer_seed1,held_out_dual_degrade,34000-34039,40,128,182.99314482170513,3144.02931457148,4082.3595426999973,977.5399798589837,49.7265625,16.608977608768825,-11.884798883651424,0.3546310030902414
candidate_maxxer_seed2,held_out_dual_degrade,30000-30039,40,128,97.08636146934177,2584.6047222176285,3587.9237534422496,753.8460550274618,42.3046875,12.250870097981837,-10.212353021056979,0.31125526708960705
candidate_maxxer_seed2,held_out_dual_degrade,31000-31039,40,128,88.98797299264996,2431.7133668694255,3335.4467680426856,729.1477100135282,40.3515625,13.020352384918882,-10.072245270451003,0.31475694561377626
candidate_maxxer_seed2,held_out_dual_degrade,32000-32039,40,128,93.71172701633964,2717.434413135879,3708.8437847652594,870.0889990084816,43.10546875,16.73907886639015,-11.228247886054564,0.3338226426681272
candidate_maxxer_seed2,held_out_dual_degrade,33000-33039,40,128,90.45316435076994,2595.8594382424535,3473.639958830853,769.3754455371784,39.19921875,14.671471194744134,-9.605195192757364,0.3351058986350608
candidate_maxxer_seed2,held_out_dual_degrade,34000-34039,40,128,106.89681265645788,2762.0274356737636,3850.9442359962413,888.8151291473459,47.12890625,15.939525112635538,-11.42371294161108,0.34103166672560087
candidate_maxxer_seed3,held_out_dual_degrade,30000-30039,40,128,97.07813005689133,2906.5790717659793,4136.54616033939,791.6443420263453,40.1953125,11.534850093614168,-10.473653787408924,0.29805796527429085
candidate_maxxer_seed3,held_out_dual_degrade,31000-31039,40,128,90.75481128407174,2756.836104184758,3735.8781883337797,747.8947878625138,38.76953125,12.366016822453991,-10.074590758174086,0.30233825076328724
candidate_maxxer_seed3,held_out_dual_degrade,32000-32039,40,128,93.41517183280345,2996.1323071346083,4332.77046460794,912.7269775247644,43.14453125,15.77442213171735,-11.29642049044325,0.32310629475853697
candidate_maxxer_seed3,held_out_dual_degrade,33000-33039,40,128,92.8086055549428,2804.6449991678032,3851.3318546454075,790.7276021199754,39.39453125,13.593791319393208,-10.087704630429522,0.308968981006584
candidate_maxxer_seed3,held_out_dual_degrade,34000-34039,40,128,111.95199079069837,3262.3565420221116,4291.49677920256,921.4319261985322,46.97265625,14.726898998839017,-12.060597289304436,0.3094318623710316
candidate_maxxer_seed4,held_out_dual_degrade,30000-30039,40,128,93.54331384428863,2776.5517243390545,4111.390194544332,806.9067871630893,43.30078125,12.105403696079527,-10.33989201515835,0.309390611585176
candidate_maxxer_seed4,held_out_dual_degrade,31000-31039,40,128,86.57288689482591,2476.5067813721275,3566.7213845554634,759.323188908467,40.48828125,13.088118929807951,-9.912803153266873,0.3156560462150315
candidate_maxxer_seed4,held_out_dual_degrade,32000-32039,40,128,91.3397983344908,2904.2022733703193,4321.920545342353,896.3718427592437,43.203125,16.16882361470206,-10.792684854020807,0.33261894789735635
candidate_maxxer_seed4,held_out_dual_degrade,33000-33039,40,128,86.5934642555808,2752.9737163137584,4425.19661154633,799.9198680754841,39.70703125,14.365124143442056,-9.730371857337827,0.3259079581555991
candidate_maxxer_seed4,held_out_dual_degrade,34000-34039,40,128,104.65812659434091,2952.878963745567,3768.4356880864925,916.0714752195308,47.0703125,15.363563058174226,-11.791363676794818,0.3313587629840282
